QUEUE,Tokenize1,Pride1,176346903414661,Pomerania,Pride1_Sense1
START,Tokenize1,Pride1,176346904490522,Pomerania,Pride1_Sense1
QUEUE,Tokenize2,Sense1,176346909342547,Pomerania,Pride1_Sense1
START,Tokenize2,Sense1,176346910236248,Pomerania,Pride1_Sense1
QUEUE,Collect1,Pride1,176346923259936,Pomerania,Pride1_Sense1
START,Collect1,Pride1,176346924817065,Pomerania,Pride1_Sense1
STOP,Tokenize1,Pride1,176346974977785,Pomerania,Pride1_Sense1
QUEUE,Collect2,Sense1,176346981263459,Pomerania,Pride1_Sense1
STOP,Tokenize2,Sense1,176346981417007,Pomerania,Pride1_Sense1
START,Collect2,Sense1,176346982043782,Pomerania,Pride1_Sense1
STOP,Collect1,Pride1,176346985084043,Pomerania,Pride1_Sense1
QUEUE,ComputeScalar1,Pride1,176346990385398,Pomerania,Pride1_Sense1
QUEUE,ComputeScalar3,Pride1_Sense1,176346990767077,Pomerania,Pride1_Sense1
START,ComputeScalar3,Pride1_Sense1,176346991047278,Pomerania,Pride1_Sense1
START,ComputeScalar1,Pride1,176346991211788,Pomerania,Pride1_Sense1
QUEUE,ComputeCosine,Pride1_Sense1,176346993172440,Pomerania,Pride1_Sense1
STOP,ComputeScalar1,Pride1,176346993317994,Pomerania,Pride1_Sense1
START,ComputeCosine,Pride1_Sense1,176346993595524,Pomerania,Pride1_Sense1
QUEUE,ComputeScalar2,Sense1,176346999185994,Pomerania,Pride1_Sense1
STOP,Collect2,Sense1,176346996694569,Pomerania,Pride1_Sense1
STOP,ComputeScalar3,Pride1_Sense1,176347000804599,Pomerania,Pride1_Sense1
START,ComputeScalar2,Sense1,176347000955921,Pomerania,Pride1_Sense1
STOP,ComputeScalar2,Sense1,176347002839665,Pomerania,Pride1_Sense1
STOP,ComputeCosine,Pride1_Sense1,176347010191159,Pomerania,Pride1_Sense1
QUEUE,Tokenize1,Pride1,176347145258233,Pomerania,Pride1_Sense2
QUEUE,Tokenize2,Sense2,176347145309197,Pomerania,Pride1_Sense2
START,Tokenize1,Pride1,176347145402276,Pomerania,Pride1_Sense2
START,Tokenize2,Sense2,176347145863021,Pomerania,Pride1_Sense2
QUEUE,Collect1,Pride1,176347154678413,Pomerania,Pride1_Sense2
STOP,Tokenize1,Pride1,176347154840810,Pomerania,Pride1_Sense2
START,Collect1,Pride1,176347154871507,Pomerania,Pride1_Sense2
QUEUE,Collect2,Sense2,176347155568666,Pomerania,Pride1_Sense2
START,Collect2,Sense2,176347155694729,Pomerania,Pride1_Sense2
QUEUE,ComputeCosine,Pride1_Sense2,176347156122252,Pomerania,Pride1_Sense2
START,ComputeCosine,Pride1_Sense2,176347156245576,Pomerania,Pride1_Sense2
STOP,Collect1,Pride1,176347156631504,Pomerania,Pride1_Sense2
QUEUE,ComputeScalar1,Pride1,176347158116197,Pomerania,Pride1_Sense2
QUEUE,ComputeScalar3,Pride1_Sense2,176347158233944,Pomerania,Pride1_Sense2
START,ComputeScalar1,Pride1,176347158250845,Pomerania,Pride1_Sense2
START,ComputeScalar3,Pride1_Sense2,176347158374964,Pomerania,Pride1_Sense2
STOP,ComputeScalar1,Pride1,176347160368789,Pomerania,Pride1_Sense2
STOP,Tokenize2,Sense2,176347167259213,Pomerania,Pride1_Sense2
STOP,Collect2,Sense2,176347183866347,Pomerania,Pride1_Sense2
STOP,ComputeScalar3,Pride1_Sense2,176347188234658,Pomerania,Pride1_Sense2
QUEUE,ComputeScalar2,Sense2,176347212758620,Pomerania,Pride1_Sense2
START,ComputeScalar2,Sense2,176347217744094,Pomerania,Pride1_Sense2
STOP,ComputeScalar2,Sense2,176347221093589,Pomerania,Pride1_Sense2
STOP,ComputeCosine,Pride1_Sense2,176347221138649,Pomerania,Pride1_Sense2
QUEUE,Tokenize1,Pride1,176347371379686,Pomerania,Pride1_Sense3
QUEUE,Tokenize2,Sense3,176347371476202,Pomerania,Pride1_Sense3
START,Tokenize1,Pride1,176347371573091,Pomerania,Pride1_Sense3
START,Tokenize2,Sense3,176347371672759,Pomerania,Pride1_Sense3
QUEUE,Collect1,Pride1,176347375616442,Pomerania,Pride1_Sense3
STOP,Tokenize1,Pride1,176347375797374,Pomerania,Pride1_Sense3
START,Collect1,Pride1,176347375822149,Pomerania,Pride1_Sense3
STOP,Collect1,Pride1,176347376785291,Pomerania,Pride1_Sense3
QUEUE,ComputeScalar1,Pride1,176347378267059,Pomerania,Pride1_Sense3
QUEUE,ComputeScalar3,Pride1_Sense3,176347378393521,Pomerania,Pride1_Sense3
START,ComputeScalar1,Pride1,176347378412312,Pomerania,Pride1_Sense3
QUEUE,ComputeCosine,Pride1_Sense3,176347379486563,Pomerania,Pride1_Sense3
QUEUE,Collect2,Sense3,176347379216633,Pomerania,Pride1_Sense3
START,ComputeScalar3,Pride1_Sense3,176347378537105,Pomerania,Pride1_Sense3
START,Collect2,Sense3,176347381920939,Pomerania,Pride1_Sense3
STOP,ComputeScalar1,Pride1,176347382069016,Pomerania,Pride1_Sense3
START,ComputeCosine,Pride1_Sense3,176347382331581,Pomerania,Pride1_Sense3
STOP,Tokenize2,Sense3,176347388119493,Pomerania,Pride1_Sense3
STOP,Collect2,Sense3,176347390625643,Pomerania,Pride1_Sense3
QUEUE,ComputeScalar2,Sense3,176347412629457,Pomerania,Pride1_Sense3
START,ComputeScalar2,Sense3,176347412805952,Pomerania,Pride1_Sense3
STOP,ComputeScalar3,Pride1_Sense3,176347414205310,Pomerania,Pride1_Sense3
STOP,ComputeScalar2,Sense3,176347418686933,Pomerania,Pride1_Sense3
STOP,ComputeCosine,Pride1_Sense3,176347418713451,Pomerania,Pride1_Sense3
QUEUE,Tokenize1,Pride1,176347713963270,Pomerania,Pride1_Sense4
START,Tokenize1,Pride1,176347714088681,Pomerania,Pride1_Sense4
QUEUE,Tokenize2,Sense4,176347714048135,Pomerania,Pride1_Sense4
START,Tokenize2,Sense4,176347714245151,Pomerania,Pride1_Sense4
QUEUE,Collect1,Pride1,176347720390177,Pomerania,Pride1_Sense4
STOP,Tokenize1,Pride1,176347720501076,Pomerania,Pride1_Sense4
START,Collect1,Pride1,176347720524363,Pomerania,Pride1_Sense4
QUEUE,Collect2,Sense4,176347751072623,Pomerania,Pride1_Sense4
STOP,Tokenize2,Sense4,176347751228392,Pomerania,Pride1_Sense4
START,Collect2,Sense4,176347751258669,Pomerania,Pride1_Sense4
STOP,Collect1,Pride1,176347752011939,Pomerania,Pride1_Sense4
QUEUE,ComputeScalar1,Pride1,176347753290797,Pomerania,Pride1_Sense4
START,ComputeScalar1,Pride1,176347753409263,Pomerania,Pride1_Sense4
QUEUE,ComputeCosine,Pride1_Sense4,176347754967845,Pomerania,Pride1_Sense4
QUEUE,ComputeScalar3,Pride1_Sense4,176347755126217,Pomerania,Pride1_Sense4
START,ComputeScalar3,Pride1_Sense4,176347755218447,Pomerania,Pride1_Sense4
START,ComputeCosine,Pride1_Sense4,176347755242755,Pomerania,Pride1_Sense4
STOP,ComputeScalar1,Pride1,176347755330787,Pomerania,Pride1_Sense4
STOP,Collect2,Sense4,176347756596415,Pomerania,Pride1_Sense4
QUEUE,ComputeScalar2,Sense4,176347770236101,Pomerania,Pride1_Sense4
START,ComputeScalar2,Sense4,176347770386144,Pomerania,Pride1_Sense4
STOP,ComputeScalar3,Pride1_Sense4,176347772234955,Pomerania,Pride1_Sense4
STOP,ComputeScalar2,Sense4,176347782026962,Pomerania,Pride1_Sense4
STOP,ComputeCosine,Pride1_Sense4,176347782069756,Pomerania,Pride1_Sense4
QUEUE,Tokenize2,Sense5,176348064677022,Pomerania,Pride1_Sense5
QUEUE,Tokenize1,Pride1,176348064718277,Pomerania,Pride1_Sense5
START,Tokenize2,Sense5,176348064805797,Pomerania,Pride1_Sense5
QUEUE,Collect1,Pride1,176348065420579,Pomerania,Pride1_Sense5
START,Tokenize1,Pride1,176348065194167,Pomerania,Pride1_Sense5
START,Collect1,Pride1,176348065655011,Pomerania,Pride1_Sense5
QUEUE,Collect2,Sense5,176348065846403,Pomerania,Pride1_Sense5
START,Collect2,Sense5,176348065933048,Pomerania,Pride1_Sense5
QUEUE,ComputeCosine,Pride1_Sense5,176348066144501,Pomerania,Pride1_Sense5
START,ComputeCosine,Pride1_Sense5,176348066222348,Pomerania,Pride1_Sense5
STOP,Tokenize1,Pride1,176348075073993,Pomerania,Pride1_Sense5
STOP,Collect1,Pride1,176348075434080,Pomerania,Pride1_Sense5
QUEUE,ComputeScalar1,Pride1,176348076708883,Pomerania,Pride1_Sense5
START,ComputeScalar1,Pride1,176348076817203,Pomerania,Pride1_Sense5
QUEUE,ComputeScalar3,Pride1_Sense5,176348078267029,Pomerania,Pride1_Sense5
STOP,ComputeScalar1,Pride1,176348078415571,Pomerania,Pride1_Sense5
START,ComputeScalar3,Pride1_Sense5,176348078485485,Pomerania,Pride1_Sense5
STOP,Tokenize2,Sense5,176348216091779,Pomerania,Pride1_Sense5
STOP,Collect2,Sense5,176348304116929,Pomerania,Pride1_Sense5
QUEUE,ComputeScalar2,Sense5,176348322055653,Pomerania,Pride1_Sense5
START,ComputeScalar2,Sense5,176348322203921,Pomerania,Pride1_Sense5
STOP,ComputeScalar3,Pride1_Sense5,176348323841080,Pomerania,Pride1_Sense5
STOP,ComputeScalar2,Sense5,176348335698983,Pomerania,Pride1_Sense5
STOP,ComputeCosine,Pride1_Sense5,176348335730694,Pomerania,Pride1_Sense5
QUEUE,Tokenize1,Pride1,176348551684999,Pomerania,Pride1_Sense6
START,Tokenize1,Pride1,176348551841610,Pomerania,Pride1_Sense6
QUEUE,Tokenize2,Sense6,176348551979015,Pomerania,Pride1_Sense6
START,Tokenize2,Sense6,176348552077270,Pomerania,Pride1_Sense6
QUEUE,Collect1,Pride1,176348552513182,Pomerania,Pride1_Sense6
START,Collect1,Pride1,176348552607983,Pomerania,Pride1_Sense6
QUEUE,Collect2,Sense6,176348552834919,Pomerania,Pride1_Sense6
START,Collect2,Sense6,176348552930451,Pomerania,Pride1_Sense6
QUEUE,ComputeCosine,Pride1_Sense6,176348553053097,Pomerania,Pride1_Sense6
START,ComputeCosine,Pride1_Sense6,176348553125424,Pomerania,Pride1_Sense6
STOP,Collect1,Pride1,176348599163601,Pomerania,Pride1_Sense6
QUEUE,ComputeScalar1,Pride1,176348604666483,Pomerania,Pride1_Sense6
START,ComputeScalar1,Pride1,176348604825929,Pomerania,Pride1_Sense6
QUEUE,ComputeScalar3,Pride1_Sense6,176348605363195,Pomerania,Pride1_Sense6
STOP,ComputeScalar1,Pride1,176348605447803,Pomerania,Pride1_Sense6
START,ComputeScalar3,Pride1_Sense6,176348605509585,Pomerania,Pride1_Sense6
STOP,Tokenize1,Pride1,176348616668025,Pomerania,Pride1_Sense6
QUEUE,Tokenize1,Pride2,176348668213691,Pomerania,Pride2_Sense1
START,Tokenize1,Pride2,176348668358272,Pomerania,Pride2_Sense1
QUEUE,Tokenize2,Sense1,176348668386956,Pomerania,Pride2_Sense1
QUEUE,Collect1,Pride2,176348668773420,Pomerania,Pride2_Sense1
QUEUE,Collect2,Sense1,176348668794336,Pomerania,Pride2_Sense1
QUEUE,ComputeCosine,Pride2_Sense1,176348668897058,Pomerania,Pride2_Sense1
START,Collect1,Pride2,176348668870938,Pomerania,Pride2_Sense1
STOP,Tokenize2,Sense6,176348687008408,Pomerania,Pride1_Sense6
START,Tokenize2,Sense1,176348687104913,Pomerania,Pride2_Sense1
STOP,Tokenize2,Sense1,176348689777180,Pomerania,Pride2_Sense1
STOP,Collect2,Sense6,176348875266218,Pomerania,Pride1_Sense6
START,Collect2,Sense1,176348875350746,Pomerania,Pride2_Sense1
STOP,Collect2,Sense1,176348875753212,Pomerania,Pride2_Sense1
STOP,Collect1,Pride2,176348881766258,Pomerania,Pride2_Sense1
STOP,Tokenize1,Pride2,176348881854845,Pomerania,Pride2_Sense1
QUEUE,ComputeScalar2,Sense6,176348920365683,Pomerania,Pride1_Sense6
START,ComputeScalar2,Sense6,176348920500618,Pomerania,Pride1_Sense6
QUEUE,ComputeScalar2,Sense1,176348921218757,Pomerania,Pride2_Sense1
QUEUE,ComputeScalar3,Pride2_Sense1,176348921266106,Pomerania,Pride2_Sense1
STOP,ComputeScalar3,Pride1_Sense6,176348927301473,Pomerania,Pride1_Sense6
START,ComputeScalar3,Pride2_Sense1,176348934937600,Pomerania,Pride2_Sense1
QUEUE,ComputeScalar1,Pride2,176348936854195,Pomerania,Pride2_Sense1
START,ComputeScalar1,Pride2,176348937109563,Pomerania,Pride2_Sense1
STOP,ComputeScalar1,Pride2,176348938232604,Pomerania,Pride2_Sense1
STOP,ComputeScalar3,Pride2_Sense1,176348939877804,Pomerania,Pride2_Sense1
STOP,ComputeCosine,Pride1_Sense6,176348949204603,Pomerania,Pride1_Sense6
START,ComputeCosine,Pride2_Sense1,176348949313572,Pomerania,Pride2_Sense1
STOP,ComputeScalar2,Sense6,176348949536528,Pomerania,Pride1_Sense6
START,ComputeScalar2,Sense1,176348949584332,Pomerania,Pride2_Sense1
STOP,ComputeScalar2,Sense1,176348950153473,Pomerania,Pride2_Sense1
STOP,ComputeCosine,Pride2_Sense1,176348953777151,Pomerania,Pride2_Sense1
QUEUE,Tokenize1,Pride2,176348965161796,Pomerania,Pride2_Sense2
QUEUE,Tokenize2,Sense2,176348965742249,Pomerania,Pride2_Sense2
START,Tokenize1,Pride2,176348965744172,Pomerania,Pride2_Sense2
START,Tokenize2,Sense2,176348966627792,Pomerania,Pride2_Sense2
QUEUE,Collect2,Sense2,176348972235422,Pomerania,Pride2_Sense2
START,Collect2,Sense2,176348972366395,Pomerania,Pride2_Sense2
STOP,Tokenize2,Sense2,176348972413987,Pomerania,Pride2_Sense2
QUEUE,Collect1,Pride2,176348972658585,Pomerania,Pride2_Sense2
STOP,Tokenize1,Pride2,176348973156515,Pomerania,Pride2_Sense2
START,Collect1,Pride2,176348973215921,Pomerania,Pride2_Sense2
STOP,Collect2,Sense2,176348975051125,Pomerania,Pride2_Sense2
QUEUE,ComputeCosine,Pride2_Sense2,176348975166711,Pomerania,Pride2_Sense2
START,ComputeCosine,Pride2_Sense2,176348975237093,Pomerania,Pride2_Sense2
STOP,Collect1,Pride2,176348976144166,Pomerania,Pride2_Sense2
QUEUE,ComputeScalar2,Sense2,176348977363287,Pomerania,Pride2_Sense2
QUEUE,ComputeScalar3,Pride2_Sense2,176348977428600,Pomerania,Pride2_Sense2
START,ComputeScalar2,Sense2,176348977444800,Pomerania,Pride2_Sense2
START,ComputeScalar3,Pride2_Sense2,176348977509231,Pomerania,Pride2_Sense2
STOP,ComputeScalar2,Sense2,176348978393026,Pomerania,Pride2_Sense2
STOP,ComputeScalar3,Pride2_Sense2,176348979607268,Pomerania,Pride2_Sense2
QUEUE,ComputeScalar1,Pride2,176348979712327,Pomerania,Pride2_Sense2
START,ComputeScalar1,Pride2,176348979824588,Pomerania,Pride2_Sense2
STOP,ComputeCosine,Pride2_Sense2,176348980935151,Pomerania,Pride2_Sense2
STOP,ComputeScalar1,Pride2,176348981018839,Pomerania,Pride2_Sense2
QUEUE,Tokenize1,Pride2,176349089664113,Pomerania,Pride2_Sense3
START,Tokenize1,Pride2,176349089782660,Pomerania,Pride2_Sense3
QUEUE,Tokenize2,Sense3,176349089885793,Pomerania,Pride2_Sense3
START,Tokenize2,Sense3,176349089950971,Pomerania,Pride2_Sense3
QUEUE,Collect1,Pride2,176349090289148,Pomerania,Pride2_Sense3
START,Collect1,Pride2,176349090355380,Pomerania,Pride2_Sense3
QUEUE,Collect2,Sense3,176349090546988,Pomerania,Pride2_Sense3
START,Collect2,Sense3,176349090617351,Pomerania,Pride2_Sense3
QUEUE,ComputeCosine,Pride2_Sense3,176349090716546,Pomerania,Pride2_Sense3
START,ComputeCosine,Pride2_Sense3,176349090790584,Pomerania,Pride2_Sense3
STOP,Collect1,Pride2,176349098965838,Pomerania,Pride2_Sense3
STOP,Tokenize1,Pride2,176349099055178,Pomerania,Pride2_Sense3
QUEUE,ComputeScalar1,Pride2,176349100612108,Pomerania,Pride2_Sense3
START,ComputeScalar1,Pride2,176349100756790,Pomerania,Pride2_Sense3
QUEUE,ComputeScalar3,Pride2_Sense3,176349101796267,Pomerania,Pride2_Sense3
START,ComputeScalar3,Pride2_Sense3,176349101913592,Pomerania,Pride2_Sense3
STOP,ComputeScalar1,Pride2,176349101926835,Pomerania,Pride2_Sense3
STOP,Tokenize2,Sense3,176349106181054,Pomerania,Pride2_Sense3
STOP,Collect2,Sense3,176349108363024,Pomerania,Pride2_Sense3
QUEUE,ComputeScalar2,Sense3,176349111502779,Pomerania,Pride2_Sense3
START,ComputeScalar2,Sense3,176349111635786,Pomerania,Pride2_Sense3
STOP,ComputeScalar3,Pride2_Sense3,176349113216265,Pomerania,Pride2_Sense3
STOP,ComputeScalar2,Sense3,176349114357299,Pomerania,Pride2_Sense3
STOP,ComputeCosine,Pride2_Sense3,176349114385087,Pomerania,Pride2_Sense3
QUEUE,Tokenize1,Pride2,176349303681897,Pomerania,Pride2_Sense4
START,Tokenize1,Pride2,176349303803779,Pomerania,Pride2_Sense4
QUEUE,Tokenize2,Sense4,176349303900763,Pomerania,Pride2_Sense4
START,Tokenize2,Sense4,176349303963678,Pomerania,Pride2_Sense4
QUEUE,Collect1,Pride2,176349304291601,Pomerania,Pride2_Sense4
START,Collect1,Pride2,176349304361825,Pomerania,Pride2_Sense4
QUEUE,Collect2,Sense4,176349304520279,Pomerania,Pride2_Sense4
START,Collect2,Sense4,176349304592986,Pomerania,Pride2_Sense4
QUEUE,ComputeCosine,Pride2_Sense4,176349304760405,Pomerania,Pride2_Sense4
START,ComputeCosine,Pride2_Sense4,176349304828965,Pomerania,Pride2_Sense4
STOP,Collect1,Pride2,176349310296428,Pomerania,Pride2_Sense4
STOP,Tokenize1,Pride2,176349310389887,Pomerania,Pride2_Sense4
QUEUE,ComputeScalar1,Pride2,176349311849107,Pomerania,Pride2_Sense4
QUEUE,ComputeScalar3,Pride2_Sense4,176349311922181,Pomerania,Pride2_Sense4
START,ComputeScalar1,Pride2,176349311941791,Pomerania,Pride2_Sense4
START,ComputeScalar3,Pride2_Sense4,176349311977287,Pomerania,Pride2_Sense4
STOP,ComputeScalar1,Pride2,176349313466396,Pomerania,Pride2_Sense4
STOP,Tokenize2,Sense4,176349322254223,Pomerania,Pride2_Sense4
STOP,Collect2,Sense4,176349323585735,Pomerania,Pride2_Sense4
QUEUE,ComputeScalar2,Sense4,176349328540064,Pomerania,Pride2_Sense4
START,ComputeScalar2,Sense4,176349328674119,Pomerania,Pride2_Sense4
STOP,ComputeScalar3,Pride2_Sense4,176349330793884,Pomerania,Pride2_Sense4
STOP,ComputeScalar2,Sense4,176349335156051,Pomerania,Pride2_Sense4
STOP,ComputeCosine,Pride2_Sense4,176349335180979,Pomerania,Pride2_Sense4
QUEUE,Tokenize2,Sense5,176349484879153,Pomerania,Pride2_Sense5
QUEUE,Tokenize1,Pride2,176349485027334,Pomerania,Pride2_Sense5
START,Tokenize2,Sense5,176349485095820,Pomerania,Pride2_Sense5
START,Tokenize1,Pride2,176349485160686,Pomerania,Pride2_Sense5
QUEUE,Collect1,Pride2,176349489722616,Pomerania,Pride2_Sense5
START,Collect1,Pride2,176349490141394,Pomerania,Pride2_Sense5
STOP,Tokenize1,Pride2,176349490212731,Pomerania,Pride2_Sense5
STOP,Collect1,Pride2,176349491132190,Pomerania,Pride2_Sense5
QUEUE,ComputeScalar1,Pride2,176349492021676,Pomerania,Pride2_Sense5
QUEUE,ComputeScalar3,Pride2_Sense5,176349492092458,Pomerania,Pride2_Sense5
START,ComputeScalar1,Pride2,176349492106538,Pomerania,Pride2_Sense5
QUEUE,Collect2,Sense5,176349492168434,Pomerania,Pride2_Sense5
START,ComputeScalar3,Pride2_Sense5,176349492510129,Pomerania,Pride2_Sense5
START,Collect2,Sense5,176349492575933,Pomerania,Pride2_Sense5
QUEUE,ComputeCosine,Pride2_Sense5,176349492638508,Pomerania,Pride2_Sense5
START,ComputeCosine,Pride2_Sense5,176349493887783,Pomerania,Pride2_Sense5
STOP,ComputeScalar1,Pride2,176349494077852,Pomerania,Pride2_Sense5
STOP,Tokenize2,Sense5,176349574586889,Pomerania,Pride2_Sense5
STOP,Collect2,Sense5,176349577053752,Pomerania,Pride2_Sense5
QUEUE,ComputeScalar2,Sense5,176349585884692,Pomerania,Pride2_Sense5
START,ComputeScalar2,Sense5,176349586000799,Pomerania,Pride2_Sense5
STOP,ComputeScalar3,Pride2_Sense5,176349587180733,Pomerania,Pride2_Sense5
STOP,ComputeScalar2,Sense5,176349592951241,Pomerania,Pride2_Sense5
STOP,ComputeCosine,Pride2_Sense5,176349593009373,Pomerania,Pride2_Sense5
QUEUE,Tokenize2,Sense6,176349907229357,Pomerania,Pride2_Sense6
START,Tokenize2,Sense6,176349907365078,Pomerania,Pride2_Sense6
QUEUE,Tokenize1,Pride2,176349907471228,Pomerania,Pride2_Sense6
START,Tokenize1,Pride2,176349907535157,Pomerania,Pride2_Sense6
QUEUE,Collect1,Pride2,176349911035176,Pomerania,Pride2_Sense6
START,Collect1,Pride2,176349911161277,Pomerania,Pride2_Sense6
STOP,Tokenize1,Pride2,176349911225144,Pomerania,Pride2_Sense6
STOP,Collect1,Pride2,176349911760531,Pomerania,Pride2_Sense6
QUEUE,Collect2,Sense6,176349911883905,Pomerania,Pride2_Sense6
START,Collect2,Sense6,176349911967428,Pomerania,Pride2_Sense6
QUEUE,ComputeCosine,Pride2_Sense6,176349912147889,Pomerania,Pride2_Sense6
START,ComputeCosine,Pride2_Sense6,176349912207679,Pomerania,Pride2_Sense6
QUEUE,ComputeScalar1,Pride2,176349912636962,Pomerania,Pride2_Sense6
QUEUE,ComputeScalar3,Pride2_Sense6,176349912692916,Pomerania,Pride2_Sense6
START,ComputeScalar1,Pride2,176349912710078,Pomerania,Pride2_Sense6
START,ComputeScalar3,Pride2_Sense6,176349912753114,Pomerania,Pride2_Sense6
STOP,ComputeScalar1,Pride2,176349913319171,Pomerania,Pride2_Sense6
STOP,Tokenize2,Sense6,176350312882414,Pomerania,Pride2_Sense6
QUEUE,Tokenize1,Pride3,176350317129107,Pomerania,Pride3_Sense1
START,Tokenize1,Pride3,176350317262679,Pomerania,Pride3_Sense1
STOP,Collect2,Sense6,176350317863257,Pomerania,Pride2_Sense6
QUEUE,Tokenize2,Sense1,176350318103671,Pomerania,Pride3_Sense1
START,Tokenize2,Sense1,176350318157184,Pomerania,Pride3_Sense1
QUEUE,Collect1,Pride3,176350325044731,Pomerania,Pride3_Sense1
START,Collect1,Pride3,176350325244516,Pomerania,Pride3_Sense1
STOP,Tokenize1,Pride3,176350325296345,Pomerania,Pride3_Sense1
QUEUE,ComputeScalar1,Pride3,176350330237048,Pomerania,Pride3_Sense1
STOP,Collect1,Pride3,176350330370354,Pomerania,Pride3_Sense1
START,ComputeScalar1,Pride3,176350330450507,Pomerania,Pride3_Sense1
QUEUE,ComputeCosine,Pride3_Sense1,176350332165395,Pomerania,Pride3_Sense1
STOP,ComputeScalar1,Pride3,176350332242622,Pomerania,Pride3_Sense1
QUEUE,ComputeScalar3,Pride3_Sense1,176350332312743,Pomerania,Pride3_Sense1
QUEUE,Collect2,Sense1,176350332506700,Pomerania,Pride3_Sense1
START,Collect2,Sense1,176350332586464,Pomerania,Pride3_Sense1
STOP,Tokenize2,Sense1,176350336121682,Pomerania,Pride3_Sense1
STOP,Collect2,Sense1,176350336670184,Pomerania,Pride3_Sense1
QUEUE,ComputeScalar2,Sense6,176350350673507,Pomerania,Pride2_Sense6
START,ComputeScalar2,Sense6,176350350807539,Pomerania,Pride2_Sense6
STOP,ComputeScalar3,Pride2_Sense6,176350352307326,Pomerania,Pride2_Sense6
START,ComputeScalar3,Pride3_Sense1,176350352387343,Pomerania,Pride3_Sense1
QUEUE,ComputeScalar2,Sense1,176350355596456,Pomerania,Pride3_Sense1
STOP,ComputeScalar3,Pride3_Sense1,176350357498387,Pomerania,Pride3_Sense1
STOP,ComputeScalar2,Sense6,176350368125963,Pomerania,Pride2_Sense6
STOP,ComputeCosine,Pride2_Sense6,176350368178771,Pomerania,Pride2_Sense6
START,ComputeScalar2,Sense1,176350368234357,Pomerania,Pride3_Sense1
START,ComputeCosine,Pride3_Sense1,176350368297102,Pomerania,Pride3_Sense1
STOP,ComputeScalar2,Sense1,176350368763206,Pomerania,Pride3_Sense1
STOP,ComputeCosine,Pride3_Sense1,176350368774914,Pomerania,Pride3_Sense1
QUEUE,Tokenize2,Sense2,176350458347127,Pomerania,Pride3_Sense2
START,Tokenize2,Sense2,176350458429090,Pomerania,Pride3_Sense2
QUEUE,Tokenize1,Pride3,176350458480913,Pomerania,Pride3_Sense2
START,Tokenize1,Pride3,176350458637524,Pomerania,Pride3_Sense2
QUEUE,Collect2,Sense2,176350464162607,Pomerania,Pride3_Sense2
STOP,Tokenize2,Sense2,176350464229633,Pomerania,Pride3_Sense2
START,Collect2,Sense2,176350464243969,Pomerania,Pride3_Sense2
QUEUE,Collect1,Pride3,176350464463942,Pomerania,Pride3_Sense2
START,Collect1,Pride3,176350464511502,Pomerania,Pride3_Sense2
QUEUE,ComputeCosine,Pride3_Sense2,176350464623908,Pomerania,Pride3_Sense2
START,ComputeCosine,Pride3_Sense2,176350464672199,Pomerania,Pride3_Sense2
STOP,Collect2,Sense2,176350466236456,Pomerania,Pride3_Sense2
QUEUE,ComputeScalar2,Sense2,176350467463806,Pomerania,Pride3_Sense2
START,ComputeScalar2,Sense2,176350467836925,Pomerania,Pride3_Sense2
STOP,ComputeScalar2,Sense2,176350468337351,Pomerania,Pride3_Sense2
QUEUE,ComputeScalar3,Pride3_Sense2,176350468384701,Pomerania,Pride3_Sense2
START,ComputeScalar3,Pride3_Sense2,176350468437018,Pomerania,Pride3_Sense2
STOP,Tokenize1,Pride3,176350470572171,Pomerania,Pride3_Sense2
STOP,Collect1,Pride3,176350473109374,Pomerania,Pride3_Sense2
QUEUE,ComputeScalar1,Pride3,176350475541948,Pomerania,Pride3_Sense2
START,ComputeScalar1,Pride3,176350475977345,Pomerania,Pride3_Sense2
STOP,ComputeScalar1,Pride3,176350477056437,Pomerania,Pride3_Sense2
STOP,ComputeCosine,Pride3_Sense2,176350477077340,Pomerania,Pride3_Sense2
STOP,ComputeScalar3,Pride3_Sense2,176350477040000,Pomerania,Pride3_Sense2
QUEUE,Tokenize2,Sense3,176350752329467,Pomerania,Pride3_Sense3
QUEUE,Tokenize1,Pride3,176350752329598,Pomerania,Pride3_Sense3
START,Tokenize2,Sense3,176350752433117,Pomerania,Pride3_Sense3
START,Tokenize1,Pride3,176350752541189,Pomerania,Pride3_Sense3
QUEUE,Collect1,Pride3,176350755554637,Pomerania,Pride3_Sense3
START,Collect1,Pride3,176350755622736,Pomerania,Pride3_Sense3
QUEUE,Collect2,Sense3,176350758785632,Pomerania,Pride3_Sense3
START,Collect2,Sense3,176350758878851,Pomerania,Pride3_Sense3
QUEUE,ComputeCosine,Pride3_Sense3,176350758974849,Pomerania,Pride3_Sense3
START,ComputeCosine,Pride3_Sense3,176350759418976,Pomerania,Pride3_Sense3
STOP,Collect1,Pride3,176350762894256,Pomerania,Pride3_Sense3
STOP,Tokenize1,Pride3,176350762970292,Pomerania,Pride3_Sense3
QUEUE,ComputeScalar1,Pride3,176350764742098,Pomerania,Pride3_Sense3
QUEUE,ComputeScalar3,Pride3_Sense3,176350764860241,Pomerania,Pride3_Sense3
START,ComputeScalar1,Pride3,176350764872319,Pomerania,Pride3_Sense3
START,ComputeScalar3,Pride3_Sense3,176350764913621,Pomerania,Pride3_Sense3
STOP,ComputeScalar1,Pride3,176350766193454,Pomerania,Pride3_Sense3
STOP,Tokenize2,Sense3,176350766891412,Pomerania,Pride3_Sense3
STOP,Collect2,Sense3,176350767488057,Pomerania,Pride3_Sense3
QUEUE,ComputeScalar2,Sense3,176350769591077,Pomerania,Pride3_Sense3
START,ComputeScalar2,Sense3,176350769725052,Pomerania,Pride3_Sense3
STOP,ComputeScalar3,Pride3_Sense3,176350770936840,Pomerania,Pride3_Sense3
STOP,ComputeScalar2,Sense3,176350771398569,Pomerania,Pride3_Sense3
STOP,ComputeCosine,Pride3_Sense3,176350771418948,Pomerania,Pride3_Sense3
QUEUE,Tokenize1,Pride3,176350943106299,Pomerania,Pride3_Sense4
START,Tokenize1,Pride3,176350943219838,Pomerania,Pride3_Sense4
QUEUE,Tokenize2,Sense4,176350943290741,Pomerania,Pride3_Sense4
QUEUE,Collect1,Pride3,176350943701862,Pomerania,Pride3_Sense4
START,Collect1,Pride3,176350943746719,Pomerania,Pride3_Sense4
QUEUE,Collect2,Sense4,176350944109322,Pomerania,Pride3_Sense4
START,Collect2,Sense4,176350944165970,Pomerania,Pride3_Sense4
QUEUE,ComputeCosine,Pride3_Sense4,176350944295075,Pomerania,Pride3_Sense4
START,ComputeCosine,Pride3_Sense4,176350944343623,Pomerania,Pride3_Sense4
START,Tokenize2,Sense4,176350944769377,Pomerania,Pride3_Sense4
STOP,Collect1,Pride3,176350954757166,Pomerania,Pride3_Sense4
STOP,Tokenize1,Pride3,176350954834386,Pomerania,Pride3_Sense4
QUEUE,ComputeScalar1,Pride3,176350956731181,Pomerania,Pride3_Sense4
START,ComputeScalar1,Pride3,176350956835993,Pomerania,Pride3_Sense4
QUEUE,ComputeScalar3,Pride3_Sense4,176350958191640,Pomerania,Pride3_Sense4
STOP,ComputeScalar1,Pride3,176350958264271,Pomerania,Pride3_Sense4
START,ComputeScalar3,Pride3_Sense4,176350958308172,Pomerania,Pride3_Sense4
STOP,Tokenize2,Sense4,176350960169655,Pomerania,Pride3_Sense4
STOP,Collect2,Sense4,176350961342627,Pomerania,Pride3_Sense4
QUEUE,ComputeScalar2,Sense4,176350965106772,Pomerania,Pride3_Sense4
START,ComputeScalar2,Sense4,176350965487811,Pomerania,Pride3_Sense4
STOP,ComputeScalar3,Pride3_Sense4,176350967692193,Pomerania,Pride3_Sense4
STOP,ComputeScalar2,Sense4,176350969665698,Pomerania,Pride3_Sense4
STOP,ComputeCosine,Pride3_Sense4,176350969714047,Pomerania,Pride3_Sense4
QUEUE,Tokenize2,Sense5,176351183219046,Pomerania,Pride3_Sense5
QUEUE,Tokenize1,Pride3,176351183918905,Pomerania,Pride3_Sense5
START,Tokenize1,Pride3,176351184048226,Pomerania,Pride3_Sense5
QUEUE,Collect1,Pride3,176351185004114,Pomerania,Pride3_Sense5
START,Collect1,Pride3,176351185107118,Pomerania,Pride3_Sense5
QUEUE,Collect2,Sense5,176351185936650,Pomerania,Pride3_Sense5
START,Tokenize2,Sense5,176351186659972,Pomerania,Pride3_Sense5
START,Collect2,Sense5,176351186733707,Pomerania,Pride3_Sense5
QUEUE,ComputeCosine,Pride3_Sense5,176351187061382,Pomerania,Pride3_Sense5
START,ComputeCosine,Pride3_Sense5,176351187168169,Pomerania,Pride3_Sense5
STOP,Tokenize1,Pride3,176351203253208,Pomerania,Pride3_Sense5
STOP,Collect1,Pride3,176351204860689,Pomerania,Pride3_Sense5
QUEUE,ComputeScalar1,Pride3,176351209585608,Pomerania,Pride3_Sense5
START,ComputeScalar1,Pride3,176351210532973,Pomerania,Pride3_Sense5
STOP,ComputeScalar1,Pride3,176351213795154,Pomerania,Pride3_Sense5
QUEUE,ComputeScalar3,Pride3_Sense5,176351213968789,Pomerania,Pride3_Sense5
START,ComputeScalar3,Pride3_Sense5,176351216824891,Pomerania,Pride3_Sense5
STOP,Tokenize2,Sense5,176351276348858,Pomerania,Pride3_Sense5
STOP,Collect2,Sense5,176351406543536,Pomerania,Pride3_Sense5
QUEUE,ComputeScalar2,Sense5,176351415452915,Pomerania,Pride3_Sense5
START,ComputeScalar2,Sense5,176351415561435,Pomerania,Pride3_Sense5
STOP,ComputeScalar3,Pride3_Sense5,176351417515781,Pomerania,Pride3_Sense5
STOP,ComputeScalar2,Sense5,176351422746319,Pomerania,Pride3_Sense5
STOP,ComputeCosine,Pride3_Sense5,176351422789334,Pomerania,Pride3_Sense5
QUEUE,Tokenize1,Pride3,176351832636778,Pomerania,Pride3_Sense6
QUEUE,Tokenize2,Sense6,176351832639302,Pomerania,Pride3_Sense6
START,Tokenize1,Pride3,176351832795161,Pomerania,Pride3_Sense6
START,Tokenize2,Sense6,176351833066910,Pomerania,Pride3_Sense6
QUEUE,Collect1,Pride3,176351839862954,Pomerania,Pride3_Sense6
START,Collect1,Pride3,176351840248289,Pomerania,Pride3_Sense6
STOP,Tokenize1,Pride3,176351840298060,Pomerania,Pride3_Sense6
STOP,Collect1,Pride3,176351846534171,Pomerania,Pride3_Sense6
QUEUE,ComputeScalar1,Pride3,176351848970828,Pomerania,Pride3_Sense6
START,ComputeScalar1,Pride3,176351849355860,Pomerania,Pride3_Sense6
QUEUE,ComputeCosine,Pride3_Sense6,176351850548240,Pomerania,Pride3_Sense6
STOP,ComputeScalar1,Pride3,176351850604515,Pomerania,Pride3_Sense6
START,ComputeCosine,Pride3_Sense6,176351850617033,Pomerania,Pride3_Sense6
QUEUE,ComputeScalar3,Pride3_Sense6,176351850640960,Pomerania,Pride3_Sense6
START,ComputeScalar3,Pride3_Sense6,176351850700116,Pomerania,Pride3_Sense6
QUEUE,Collect2,Sense6,176351850804597,Pomerania,Pride3_Sense6
START,Collect2,Sense6,176351851133689,Pomerania,Pride3_Sense6
STOP,Tokenize2,Sense6,176351886282891,Pomerania,Pride3_Sense6
STOP,Collect2,Sense6,176352606817591,Pomerania,Pride3_Sense6
QUEUE,ComputeScalar2,Sense6,176352631012663,Pomerania,Pride3_Sense6
START,ComputeScalar2,Sense6,176352631103845,Pomerania,Pride3_Sense6
STOP,ComputeScalar3,Pride3_Sense6,176352633868835,Pomerania,Pride3_Sense6
STOP,ComputeScalar2,Sense6,176352648067281,Pomerania,Pride3_Sense6
STOP,ComputeCosine,Pride3_Sense6,176352648118633,Pomerania,Pride3_Sense6
QUEUE,Tokenize1,Pride4,176352692940856,Pomerania,Pride4_Sense1
START,Tokenize1,Pride4,176352693296117,Pomerania,Pride4_Sense1
QUEUE,Tokenize2,Sense1,176352693323229,Pomerania,Pride4_Sense1
START,Tokenize2,Sense1,176352693373903,Pomerania,Pride4_Sense1
QUEUE,Collect1,Pride4,176352693433282,Pomerania,Pride4_Sense1
START,Collect1,Pride4,176352693478214,Pomerania,Pride4_Sense1
QUEUE,Collect2,Sense1,176352693536119,Pomerania,Pride4_Sense1
START,Collect2,Sense1,176352693575502,Pomerania,Pride4_Sense1
QUEUE,ComputeCosine,Pride4_Sense1,176352693634181,Pomerania,Pride4_Sense1
START,ComputeCosine,Pride4_Sense1,176352693671814,Pomerania,Pride4_Sense1
STOP,Tokenize2,Sense1,176352697571993,Pomerania,Pride4_Sense1
STOP,Collect2,Sense1,176352697745092,Pomerania,Pride4_Sense1
QUEUE,ComputeScalar2,Sense1,176352698125939,Pomerania,Pride4_Sense1
START,ComputeScalar2,Sense1,176352698458807,Pomerania,Pride4_Sense1
STOP,ComputeScalar2,Sense1,176352698677572,Pomerania,Pride4_Sense1
QUEUE,ComputeScalar3,Pride4_Sense1,176352698709737,Pomerania,Pride4_Sense1
START,ComputeScalar3,Pride4_Sense1,176352699029436,Pomerania,Pride4_Sense1
STOP,Tokenize1,Pride4,176352707191379,Pomerania,Pride4_Sense1
STOP,Collect1,Pride4,176352708464526,Pomerania,Pride4_Sense1
QUEUE,ComputeScalar1,Pride4,176352712406411,Pomerania,Pride4_Sense1
START,ComputeScalar1,Pride4,176352712795168,Pomerania,Pride4_Sense1
STOP,ComputeScalar3,Pride4_Sense1,176352714846297,Pomerania,Pride4_Sense1
STOP,ComputeCosine,Pride4_Sense1,176352714934042,Pomerania,Pride4_Sense1
STOP,ComputeScalar1,Pride4,176352715003477,Pomerania,Pride4_Sense1
QUEUE,Tokenize1,Pride4,176352861029319,Pomerania,Pride4_Sense2
QUEUE,Tokenize2,Sense2,176352861148020,Pomerania,Pride4_Sense2
START,Tokenize2,Sense2,176352861191414,Pomerania,Pride4_Sense2
START,Tokenize1,Pride4,176352861480958,Pomerania,Pride4_Sense2
QUEUE,Collect2,Sense2,176352865885234,Pomerania,Pride4_Sense2
STOP,Tokenize2,Sense2,176352865932412,Pomerania,Pride4_Sense2
START,Collect2,Sense2,176352865944981,Pomerania,Pride4_Sense2
QUEUE,Collect1,Pride4,176352866315125,Pomerania,Pride4_Sense2
START,Collect1,Pride4,176352866649789,Pomerania,Pride4_Sense2
STOP,Collect2,Sense2,176352867316046,Pomerania,Pride4_Sense2
QUEUE,ComputeScalar2,Sense2,176352868099294,Pomerania,Pride4_Sense2
START,ComputeScalar2,Sense2,176352868437760,Pomerania,Pride4_Sense2
QUEUE,ComputeCosine,Pride4_Sense2,176352868871597,Pomerania,Pride4_Sense2
STOP,ComputeScalar2,Sense2,176352868905889,Pomerania,Pride4_Sense2
START,ComputeCosine,Pride4_Sense2,176352868915592,Pomerania,Pride4_Sense2
QUEUE,ComputeScalar3,Pride4_Sense2,176352868938990,Pomerania,Pride4_Sense2
START,ComputeScalar3,Pride4_Sense2,176352868976486,Pomerania,Pride4_Sense2
STOP,Tokenize1,Pride4,176352876074421,Pomerania,Pride4_Sense2
STOP,Collect1,Pride4,176352877346273,Pomerania,Pride4_Sense2
QUEUE,ComputeScalar1,Pride4,176352881324099,Pomerania,Pride4_Sense2
START,ComputeScalar1,Pride4,176352881702548,Pomerania,Pride4_Sense2
STOP,ComputeScalar3,Pride4_Sense2,176352884162003,Pomerania,Pride4_Sense2
STOP,ComputeScalar1,Pride4,176352884614142,Pomerania,Pride4_Sense2
STOP,ComputeCosine,Pride4_Sense2,176352884679544,Pomerania,Pride4_Sense2
QUEUE,Tokenize1,Pride4,176353034520576,Pomerania,Pride4_Sense3
QUEUE,Tokenize2,Sense3,176353034608840,Pomerania,Pride4_Sense3
START,Tokenize2,Sense3,176353034668873,Pomerania,Pride4_Sense3
START,Tokenize1,Pride4,176353034856903,Pomerania,Pride4_Sense3
QUEUE,Collect1,Pride4,176353035219315,Pomerania,Pride4_Sense3
START,Collect1,Pride4,176353035260674,Pomerania,Pride4_Sense3
QUEUE,Collect2,Sense3,176353045986714,Pomerania,Pride4_Sense3
START,Collect2,Sense3,176353046385387,Pomerania,Pride4_Sense3
STOP,Tokenize2,Sense3,176353046427782,Pomerania,Pride4_Sense3
QUEUE,ComputeCosine,Pride4_Sense3,176353054072360,Pomerania,Pride4_Sense3
START,ComputeCosine,Pride4_Sense3,176353054149096,Pomerania,Pride4_Sense3
STOP,Collect2,Sense3,176353055423237,Pomerania,Pride4_Sense3
STOP,Tokenize1,Pride4,176353056977301,Pomerania,Pride4_Sense3
QUEUE,ComputeScalar2,Sense3,176353057707261,Pomerania,Pride4_Sense3
QUEUE,ComputeScalar3,Pride4_Sense3,176353057779631,Pomerania,Pride4_Sense3
START,ComputeScalar2,Sense3,176353057791672,Pomerania,Pride4_Sense3
START,ComputeScalar3,Pride4_Sense3,176353057822365,Pomerania,Pride4_Sense3
STOP,ComputeScalar2,Sense3,176353059862352,Pomerania,Pride4_Sense3
STOP,Collect1,Pride4,176353059947200,Pomerania,Pride4_Sense3
QUEUE,ComputeScalar1,Pride4,176353062938860,Pomerania,Pride4_Sense3
START,ComputeScalar1,Pride4,176353063022877,Pomerania,Pride4_Sense3
STOP,ComputeScalar3,Pride4_Sense3,176353065795907,Pomerania,Pride4_Sense3
STOP,ComputeCosine,Pride4_Sense3,176353065859454,Pomerania,Pride4_Sense3
STOP,ComputeScalar1,Pride4,176353065876098,Pomerania,Pride4_Sense3
QUEUE,Tokenize1,Pride4,176353248580536,Pomerania,Pride4_Sense4
START,Tokenize1,Pride4,176353248721785,Pomerania,Pride4_Sense4
QUEUE,Tokenize2,Sense4,176353248871295,Pomerania,Pride4_Sense4
START,Tokenize2,Sense4,176353248970267,Pomerania,Pride4_Sense4
QUEUE,Collect1,Pride4,176353251311605,Pomerania,Pride4_Sense4
START,Collect1,Pride4,176353252000312,Pomerania,Pride4_Sense4
QUEUE,Collect2,Sense4,176353252788646,Pomerania,Pride4_Sense4
START,Collect2,Sense4,176353253567110,Pomerania,Pride4_Sense4
QUEUE,ComputeCosine,Pride4_Sense4,176353254439559,Pomerania,Pride4_Sense4
START,ComputeCosine,Pride4_Sense4,176353255263764,Pomerania,Pride4_Sense4
STOP,Tokenize2,Sense4,176353313029310,Pomerania,Pride4_Sense4
STOP,Tokenize1,Pride4,176353313205755,Pomerania,Pride4_Sense4
STOP,Collect1,Pride4,176353320287147,Pomerania,Pride4_Sense4
STOP,Collect2,Sense4,176353322889992,Pomerania,Pride4_Sense4
QUEUE,ComputeScalar1,Pride4,176353326397008,Pomerania,Pride4_Sense4
QUEUE,ComputeScalar3,Pride4_Sense4,176353326493468,Pomerania,Pride4_Sense4
START,ComputeScalar1,Pride4,176353326511807,Pomerania,Pride4_Sense4
START,ComputeScalar3,Pride4_Sense4,176353326673800,Pomerania,Pride4_Sense4
QUEUE,ComputeScalar2,Sense4,176353328760838,Pomerania,Pride4_Sense4
START,ComputeScalar2,Sense4,176353329114069,Pomerania,Pride4_Sense4
STOP,ComputeScalar2,Sense4,176353332644805,Pomerania,Pride4_Sense4
STOP,ComputeScalar3,Pride4_Sense4,176353332641403,Pomerania,Pride4_Sense4
STOP,ComputeScalar1,Pride4,176353334744715,Pomerania,Pride4_Sense4
STOP,ComputeCosine,Pride4_Sense4,176353334815417,Pomerania,Pride4_Sense4
QUEUE,Tokenize2,Sense5,176353549963570,Pomerania,Pride4_Sense5
START,Tokenize2,Sense5,176353550043080,Pomerania,Pride4_Sense5
QUEUE,Collect1,Pride4,176353550094939,Pomerania,Pride4_Sense5
QUEUE,Collect2,Sense5,176353550321997,Pomerania,Pride4_Sense5
START,Collect2,Sense5,176353550363010,Pomerania,Pride4_Sense5
QUEUE,Tokenize1,Pride4,176353550423705,Pomerania,Pride4_Sense5
START,Tokenize1,Pride4,176353550461739,Pomerania,Pride4_Sense5
START,Collect1,Pride4,176353550679262,Pomerania,Pride4_Sense5
STOP,Collect1,Pride4,176353843713925,Pomerania,Pride4_Sense5
STOP,Tokenize1,Pride4,176353843839604,Pomerania,Pride4_Sense5
QUEUE,ComputeCosine,Pride4_Sense5,176353843980442,Pomerania,Pride4_Sense5
START,ComputeCosine,Pride4_Sense5,176353844307062,Pomerania,Pride4_Sense5
QUEUE,ComputeScalar1,Pride4,176353855509807,Pomerania,Pride4_Sense5
QUEUE,ComputeScalar3,Pride4_Sense5,176353855684728,Pomerania,Pride4_Sense5
START,ComputeScalar1,Pride4,176353855726343,Pomerania,Pride4_Sense5
START,ComputeScalar3,Pride4_Sense5,176353856526905,Pomerania,Pride4_Sense5
STOP,ComputeScalar1,Pride4,176353862945701,Pomerania,Pride4_Sense5
STOP,Tokenize2,Sense5,176353881566571,Pomerania,Pride4_Sense5
STOP,Collect2,Sense5,176353887798776,Pomerania,Pride4_Sense5
QUEUE,ComputeScalar2,Sense5,176353910674738,Pomerania,Pride4_Sense5
START,ComputeScalar2,Sense5,176353910877797,Pomerania,Pride4_Sense5
STOP,ComputeScalar3,Pride4_Sense5,176353919138719,Pomerania,Pride4_Sense5
STOP,ComputeScalar2,Sense5,176353922479903,Pomerania,Pride4_Sense5
STOP,ComputeCosine,Pride4_Sense5,176353922521549,Pomerania,Pride4_Sense5
QUEUE,Tokenize1,Pride4,176354323854635,Pomerania,Pride4_Sense6
START,Tokenize1,Pride4,176354323988544,Pomerania,Pride4_Sense6
QUEUE,Tokenize2,Sense6,176354324206766,Pomerania,Pride4_Sense6
START,Tokenize2,Sense6,176354324260124,Pomerania,Pride4_Sense6
QUEUE,Collect1,Pride4,176354330004929,Pomerania,Pride4_Sense6
START,Collect1,Pride4,176354330071191,Pomerania,Pride4_Sense6
QUEUE,Collect2,Sense6,176354330166806,Pomerania,Pride4_Sense6
START,Collect2,Sense6,176354330205897,Pomerania,Pride4_Sense6
QUEUE,ComputeCosine,Pride4_Sense6,176354330545759,Pomerania,Pride4_Sense6
START,ComputeCosine,Pride4_Sense6,176354330582870,Pomerania,Pride4_Sense6
STOP,Tokenize1,Pride4,176354340592289,Pomerania,Pride4_Sense6
STOP,Collect1,Pride4,176354341944144,Pomerania,Pride4_Sense6
QUEUE,ComputeScalar1,Pride4,176354346344462,Pomerania,Pride4_Sense6
QUEUE,ComputeScalar3,Pride4_Sense6,176354346430311,Pomerania,Pride4_Sense6
START,ComputeScalar1,Pride4,176354346447379,Pomerania,Pride4_Sense6
START,ComputeScalar3,Pride4_Sense6,176354346701050,Pomerania,Pride4_Sense6
STOP,ComputeScalar1,Pride4,176354350399455,Pomerania,Pride4_Sense6
STOP,Tokenize2,Sense6,176354393189438,Pomerania,Pride4_Sense6
STOP,Collect2,Sense6,176354397619622,Pomerania,Pride4_Sense6
QUEUE,ComputeScalar2,Sense6,176354424120505,Pomerania,Pride4_Sense6
START,ComputeScalar2,Sense6,176354424206290,Pomerania,Pride4_Sense6
STOP,ComputeScalar3,Pride4_Sense6,176354430748970,Pomerania,Pride4_Sense6
STOP,ComputeScalar2,Sense6,176354440439953,Pomerania,Pride4_Sense6
STOP,ComputeCosine,Pride4_Sense6,176354440479787,Pomerania,Pride4_Sense6
QUEUE,Tokenize2,Sense1,176354546122661,Pomerania,Pride5_Sense1
QUEUE,Collect1,Pride5,176354546441498,Pomerania,Pride5_Sense1
QUEUE,Tokenize1,Pride5,176354546497740,Pomerania,Pride5_Sense1
START,Collect1,Pride5,176354546693646,Pomerania,Pride5_Sense1
QUEUE,Collect2,Sense1,176354547084155,Pomerania,Pride5_Sense1
START,Tokenize2,Sense1,176354547279110,Pomerania,Pride5_Sense1
START,Collect2,Sense1,176354547407018,Pomerania,Pride5_Sense1
QUEUE,ComputeCosine,Pride5_Sense1,176354547681308,Pomerania,Pride5_Sense1
START,ComputeCosine,Pride5_Sense1,176354548010295,Pomerania,Pride5_Sense1
START,Tokenize1,Pride5,176354548602791,Pomerania,Pride5_Sense1
STOP,Tokenize2,Sense1,176354549338629,Pomerania,Pride5_Sense1
STOP,Collect2,Sense1,176354549520717,Pomerania,Pride5_Sense1
QUEUE,ComputeScalar2,Sense1,176354549914687,Pomerania,Pride5_Sense1
START,ComputeScalar2,Sense1,176354550248149,Pomerania,Pride5_Sense1
STOP,ComputeScalar2,Sense1,176354550459216,Pomerania,Pride5_Sense1
QUEUE,ComputeScalar3,Pride5_Sense1,176354550495146,Pomerania,Pride5_Sense1
START,ComputeScalar3,Pride5_Sense1,176354550781910,Pomerania,Pride5_Sense1
STOP,Tokenize1,Pride5,176354753095948,Pomerania,Pride5_Sense1
STOP,Collect1,Pride5,176354755226350,Pomerania,Pride5_Sense1
QUEUE,ComputeScalar1,Pride5,176354764559105,Pomerania,Pride5_Sense1
START,ComputeScalar1,Pride5,176354764645816,Pomerania,Pride5_Sense1
STOP,ComputeScalar1,Pride5,176354769524582,Pomerania,Pride5_Sense1
STOP,ComputeScalar3,Pride5_Sense1,176354769499060,Pomerania,Pride5_Sense1
STOP,ComputeCosine,Pride5_Sense1,176354769554094,Pomerania,Pride5_Sense1
QUEUE,Tokenize2,Sense2,176354934929399,Pomerania,Pride5_Sense2
QUEUE,Tokenize1,Pride5,176354934947173,Pomerania,Pride5_Sense2
START,Tokenize2,Sense2,176354935007151,Pomerania,Pride5_Sense2
START,Tokenize1,Pride5,176354935076290,Pomerania,Pride5_Sense2
QUEUE,Collect1,Pride5,176354935220914,Pomerania,Pride5_Sense2
QUEUE,ComputeCosine,Pride5_Sense2,176354935174516,Pomerania,Pride5_Sense2
QUEUE,Collect2,Sense2,176354935145295,Pomerania,Pride5_Sense2
START,ComputeCosine,Pride5_Sense2,176354935329690,Pomerania,Pride5_Sense2
START,Collect1,Pride5,176354935283901,Pomerania,Pride5_Sense2
START,Collect2,Sense2,176354935962208,Pomerania,Pride5_Sense2
STOP,Tokenize2,Sense2,176354938965650,Pomerania,Pride5_Sense2
STOP,Collect2,Sense2,176354939259575,Pomerania,Pride5_Sense2
QUEUE,ComputeScalar2,Sense2,176354940068753,Pomerania,Pride5_Sense2
START,ComputeScalar2,Sense2,176354940411608,Pomerania,Pride5_Sense2
STOP,ComputeScalar2,Sense2,176354940866595,Pomerania,Pride5_Sense2
QUEUE,ComputeScalar3,Pride5_Sense2,176354940909792,Pomerania,Pride5_Sense2
START,ComputeScalar3,Pride5_Sense2,176354940957200,Pomerania,Pride5_Sense2
STOP,Tokenize1,Pride5,176354962062262,Pomerania,Pride5_Sense2
STOP,Collect1,Pride5,176354964353449,Pomerania,Pride5_Sense2
QUEUE,ComputeScalar1,Pride5,176354976206594,Pomerania,Pride5_Sense2
START,ComputeScalar1,Pride5,176354978285192,Pomerania,Pride5_Sense2
STOP,ComputeScalar3,Pride5_Sense2,176354983948243,Pomerania,Pride5_Sense2
STOP,ComputeScalar1,Pride5,176354986108222,Pomerania,Pride5_Sense2
STOP,ComputeCosine,Pride5_Sense2,176354986134053,Pomerania,Pride5_Sense2
QUEUE,Tokenize1,Pride5,176355161879535,Pomerania,Pride5_Sense3
QUEUE,Tokenize2,Sense3,176355161965542,Pomerania,Pride5_Sense3
START,Tokenize2,Sense3,176355162004863,Pomerania,Pride5_Sense3
START,Tokenize1,Pride5,176355162332599,Pomerania,Pride5_Sense3
QUEUE,Collect2,Sense3,176355162416476,Pomerania,Pride5_Sense3
QUEUE,Collect1,Pride5,176355162741375,Pomerania,Pride5_Sense3
START,Collect1,Pride5,176355162778126,Pomerania,Pride5_Sense3
START,Collect2,Sense3,176355162793435,Pomerania,Pride5_Sense3
QUEUE,ComputeCosine,Pride5_Sense3,176355162820488,Pomerania,Pride5_Sense3
START,ComputeCosine,Pride5_Sense3,176355162858531,Pomerania,Pride5_Sense3
STOP,Tokenize2,Sense3,176355170946713,Pomerania,Pride5_Sense3
STOP,Collect2,Sense3,176355171500055,Pomerania,Pride5_Sense3
QUEUE,ComputeScalar2,Sense3,176355173394950,Pomerania,Pride5_Sense3
START,ComputeScalar2,Sense3,176355173776971,Pomerania,Pride5_Sense3
STOP,ComputeScalar2,Sense3,176355175070912,Pomerania,Pride5_Sense3
QUEUE,ComputeScalar3,Pride5_Sense3,176355175144739,Pomerania,Pride5_Sense3
START,ComputeScalar3,Pride5_Sense3,176355175196382,Pomerania,Pride5_Sense3
STOP,Tokenize1,Pride5,176355191158909,Pomerania,Pride5_Sense3
STOP,Collect1,Pride5,176355193406381,Pomerania,Pride5_Sense3
QUEUE,ComputeScalar1,Pride5,176355203707698,Pomerania,Pride5_Sense3
START,ComputeScalar1,Pride5,176355203791667,Pomerania,Pride5_Sense3
STOP,ComputeScalar1,Pride5,176355209699929,Pomerania,Pride5_Sense3
STOP,ComputeScalar3,Pride5_Sense3,176355209676401,Pomerania,Pride5_Sense3
STOP,ComputeCosine,Pride5_Sense3,176355209720727,Pomerania,Pride5_Sense3
QUEUE,Tokenize1,Pride5,176355403086999,Pomerania,Pride5_Sense4
QUEUE,Tokenize2,Sense4,176355403146247,Pomerania,Pride5_Sense4
START,Tokenize1,Pride5,176355403906724,Pomerania,Pride5_Sense4
START,Tokenize2,Sense4,176355404004300,Pomerania,Pride5_Sense4
QUEUE,Collect2,Sense4,176355459526052,Pomerania,Pride5_Sense4
START,Collect2,Sense4,176355460298554,Pomerania,Pride5_Sense4
STOP,Tokenize2,Sense4,176355460390703,Pomerania,Pride5_Sense4
QUEUE,Collect1,Pride5,176355461754724,Pomerania,Pride5_Sense4
START,Collect1,Pride5,176355461866846,Pomerania,Pride5_Sense4
QUEUE,ComputeCosine,Pride5_Sense4,176355462838871,Pomerania,Pride5_Sense4
START,ComputeCosine,Pride5_Sense4,176355462943071,Pomerania,Pride5_Sense4
STOP,Collect2,Sense4,176355465195474,Pomerania,Pride5_Sense4
QUEUE,ComputeScalar2,Sense4,176356492321035,Pomerania,Pride5_Sense4
QUEUE,ComputeScalar3,Pride5_Sense4,176356492410866,Pomerania,Pride5_Sense4
START,ComputeScalar2,Sense4,176356492433229,Pomerania,Pride5_Sense4
START,ComputeScalar3,Pride5_Sense4,176356492745532,Pomerania,Pride5_Sense4
STOP,ComputeScalar2,Sense4,176356495810392,Pomerania,Pride5_Sense4
STOP,Tokenize1,Pride5,176356499221162,Pomerania,Pride5_Sense4
STOP,Collect1,Pride5,176356501211245,Pomerania,Pride5_Sense4
QUEUE,ComputeScalar1,Pride5,176356510455787,Pomerania,Pride5_Sense4
START,ComputeScalar1,Pride5,176356510841780,Pomerania,Pride5_Sense4
STOP,ComputeScalar1,Pride5,176356516870980,Pomerania,Pride5_Sense4
STOP,ComputeCosine,Pride5_Sense4,176356517579420,Pomerania,Pride5_Sense4
STOP,ComputeScalar3,Pride5_Sense4,176356517619293,Pomerania,Pride5_Sense4
QUEUE,Tokenize1,Pride5,176356783868895,Pomerania,Pride5_Sense5
QUEUE,Tokenize2,Sense5,176356784241444,Pomerania,Pride5_Sense5
START,Tokenize2,Sense5,176356784290838,Pomerania,Pride5_Sense5
START,Tokenize1,Pride5,176356784318038,Pomerania,Pride5_Sense5
QUEUE,Collect1,Pride5,176356821821171,Pomerania,Pride5_Sense5
STOP,Tokenize1,Pride5,176356821907695,Pomerania,Pride5_Sense5
START,Collect1,Pride5,176356821920178,Pomerania,Pride5_Sense5
QUEUE,Collect2,Sense5,176356821713701,Pomerania,Pride5_Sense5
START,Collect2,Sense5,176356822306588,Pomerania,Pride5_Sense5
STOP,Tokenize2,Sense5,176356822339556,Pomerania,Pride5_Sense5
QUEUE,ComputeCosine,Pride5_Sense5,176356822612132,Pomerania,Pride5_Sense5
START,ComputeCosine,Pride5_Sense5,176356822656894,Pomerania,Pride5_Sense5
STOP,Collect1,Pride5,176356825037707,Pomerania,Pride5_Sense5
STOP,Collect2,Sense5,176356826633368,Pomerania,Pride5_Sense5
QUEUE,ComputeScalar1,Pride5,176356837522091,Pomerania,Pride5_Sense5
START,ComputeScalar1,Pride5,176356837884702,Pomerania,Pride5_Sense5
QUEUE,ComputeScalar2,Sense5,176356838181462,Pomerania,Pride5_Sense5
QUEUE,ComputeScalar3,Pride5_Sense5,176356839087645,Pomerania,Pride5_Sense5
START,ComputeScalar3,Pride5_Sense5,176356839147353,Pomerania,Pride5_Sense5
START,ComputeScalar2,Sense5,176356839165475,Pomerania,Pride5_Sense5
STOP,ComputeScalar2,Sense5,176356847087964,Pomerania,Pride5_Sense5
STOP,ComputeScalar3,Pride5_Sense5,176356847401239,Pomerania,Pride5_Sense5
STOP,ComputeCosine,Pride5_Sense5,176356854211500,Pomerania,Pride5_Sense5
STOP,ComputeScalar1,Pride5,176356854242783,Pomerania,Pride5_Sense5
QUEUE,Tokenize1,Pride5,176357193391731,Pomerania,Pride5_Sense6
START,Tokenize1,Pride5,176357194240813,Pomerania,Pride5_Sense6
QUEUE,Tokenize2,Sense6,176357194488617,Pomerania,Pride5_Sense6
START,Tokenize2,Sense6,176357194601972,Pomerania,Pride5_Sense6
QUEUE,Collect1,Pride5,176357194816180,Pomerania,Pride5_Sense6
START,Collect1,Pride5,176357207850778,Pomerania,Pride5_Sense6
STOP,Collect1,Pride5,176357291626420,Pomerania,Pride5_Sense6
STOP,Tokenize1,Pride5,176357291757422,Pomerania,Pride5_Sense6
QUEUE,Collect2,Sense6,176357291979160,Pomerania,Pride5_Sense6
START,Collect2,Sense6,176357292081746,Pomerania,Pride5_Sense6
QUEUE,ComputeCosine,Pride5_Sense6,176357292222717,Pomerania,Pride5_Sense6
START,ComputeCosine,Pride5_Sense6,176357292312882,Pomerania,Pride5_Sense6
QUEUE,ComputeScalar1,Pride5,176357314554501,Pomerania,Pride5_Sense6
QUEUE,ComputeScalar3,Pride5_Sense6,176357314712821,Pomerania,Pride5_Sense6
START,ComputeScalar1,Pride5,176357314749204,Pomerania,Pride5_Sense6
START,ComputeScalar3,Pride5_Sense6,176357315549869,Pomerania,Pride5_Sense6
STOP,ComputeScalar1,Pride5,176357324213437,Pomerania,Pride5_Sense6
STOP,Tokenize2,Sense6,176357350071160,Pomerania,Pride5_Sense6
STOP,Collect2,Sense6,176357806828463,Pomerania,Pride5_Sense6
QUEUE,ComputeScalar2,Sense6,176357822772852,Pomerania,Pride5_Sense6
START,ComputeScalar2,Sense6,176357822856082,Pomerania,Pride5_Sense6
STOP,ComputeScalar3,Pride5_Sense6,176357830662920,Pomerania,Pride5_Sense6
STOP,ComputeScalar2,Sense6,176357840424691,Pomerania,Pride5_Sense6
STOP,ComputeCosine,Pride5_Sense6,176357840460455,Pomerania,Pride5_Sense6
QUEUE,Tokenize1,Pride6,176357998157844,Pomerania,Pride6_Sense1
QUEUE,Tokenize2,Sense1,176357998175470,Pomerania,Pride6_Sense1
START,Tokenize2,Sense1,176357998287121,Pomerania,Pride6_Sense1
START,Tokenize1,Pride6,176357998342234,Pomerania,Pride6_Sense1
QUEUE,Collect1,Pride6,176357998479938,Pomerania,Pride6_Sense1
START,Collect1,Pride6,176357998522491,Pomerania,Pride6_Sense1
QUEUE,Collect2,Sense1,176357998579902,Pomerania,Pride6_Sense1
START,Collect2,Sense1,176357998904576,Pomerania,Pride6_Sense1
QUEUE,ComputeCosine,Pride6_Sense1,176357998995501,Pomerania,Pride6_Sense1
START,ComputeCosine,Pride6_Sense1,176357999316414,Pomerania,Pride6_Sense1
QUEUE,ComputeScalar2,Sense1,176358002830311,Pomerania,Pride6_Sense1
QUEUE,ComputeScalar3,Pride6_Sense1,176358002886874,Pomerania,Pride6_Sense1
START,ComputeScalar2,Sense1,176358002897740,Pomerania,Pride6_Sense1
STOP,ComputeScalar2,Sense1,176358003140895,Pomerania,Pride6_Sense1
STOP,Collect2,Sense1,176358003205429,Pomerania,Pride6_Sense1
START,ComputeScalar3,Pride6_Sense1,176358003241542,Pomerania,Pride6_Sense1
STOP,Tokenize2,Sense1,176358003295747,Pomerania,Pride6_Sense1
STOP,Tokenize1,Pride6,176358057208005,Pomerania,Pride6_Sense1
STOP,Collect1,Pride6,176358059504078,Pomerania,Pride6_Sense1
QUEUE,ComputeScalar1,Pride6,176358096800062,Pomerania,Pride6_Sense1
START,ComputeScalar1,Pride6,176358097192269,Pomerania,Pride6_Sense1
STOP,ComputeScalar1,Pride6,176358113857532,Pomerania,Pride6_Sense1
STOP,ComputeCosine,Pride6_Sense1,176358114859901,Pomerania,Pride6_Sense1
STOP,ComputeScalar3,Pride6_Sense1,176358114914970,Pomerania,Pride6_Sense1
QUEUE,Tokenize1,Pride6,176358297793660,Pomerania,Pride6_Sense2
START,Tokenize1,Pride6,176358297856434,Pomerania,Pride6_Sense2
QUEUE,Tokenize2,Sense2,176358298188756,Pomerania,Pride6_Sense2
START,Tokenize2,Sense2,176358298229414,Pomerania,Pride6_Sense2
QUEUE,ComputeCosine,Pride6_Sense2,176358300573959,Pomerania,Pride6_Sense2
QUEUE,Collect2,Sense2,176358300175050,Pomerania,Pride6_Sense2
QUEUE,Collect1,Pride6,176358298928918,Pomerania,Pride6_Sense2
START,Collect1,Pride6,176358302371898,Pomerania,Pride6_Sense2
START,ComputeCosine,Pride6_Sense2,176358302421362,Pomerania,Pride6_Sense2
START,Collect2,Sense2,176358302716513,Pomerania,Pride6_Sense2
STOP,Collect2,Sense2,176358306455691,Pomerania,Pride6_Sense2
STOP,Tokenize2,Sense2,176358306500014,Pomerania,Pride6_Sense2
QUEUE,ComputeScalar2,Sense2,176358307299830,Pomerania,Pride6_Sense2
QUEUE,ComputeScalar3,Pride6_Sense2,176358307360258,Pomerania,Pride6_Sense2
START,ComputeScalar2,Sense2,176358307371644,Pomerania,Pride6_Sense2
START,ComputeScalar3,Pride6_Sense2,176358307684269,Pomerania,Pride6_Sense2
STOP,ComputeScalar2,Sense2,176358307958575,Pomerania,Pride6_Sense2
STOP,Tokenize1,Pride6,176358351870979,Pomerania,Pride6_Sense2
STOP,Collect1,Pride6,176358356052168,Pomerania,Pride6_Sense2
QUEUE,ComputeScalar1,Pride6,176358386390896,Pomerania,Pride6_Sense2
START,ComputeScalar1,Pride6,176358387463422,Pomerania,Pride6_Sense2
STOP,ComputeScalar3,Pride6_Sense2,176358396527463,Pomerania,Pride6_Sense2
STOP,ComputeScalar1,Pride6,176358404056866,Pomerania,Pride6_Sense2
STOP,ComputeCosine,Pride6_Sense2,176358404081320,Pomerania,Pride6_Sense2
QUEUE,Tokenize1,Pride6,176358559711741,Pomerania,Pride6_Sense3
START,Tokenize1,Pride6,176358559778563,Pomerania,Pride6_Sense3
QUEUE,Tokenize2,Sense3,176358560087136,Pomerania,Pride6_Sense3
START,Tokenize2,Sense3,176358560405803,Pomerania,Pride6_Sense3
QUEUE,Collect2,Sense3,176358568203533,Pomerania,Pride6_Sense3
QUEUE,Collect1,Pride6,176358568520650,Pomerania,Pride6_Sense3
START,Collect1,Pride6,176358568563211,Pomerania,Pride6_Sense3
START,Collect2,Sense3,176358568574633,Pomerania,Pride6_Sense3
STOP,Tokenize2,Sense3,176358568625236,Pomerania,Pride6_Sense3
STOP,Collect2,Sense3,176358569409519,Pomerania,Pride6_Sense3
QUEUE,ComputeCosine,Pride6_Sense3,176358569765100,Pomerania,Pride6_Sense3
START,ComputeCosine,Pride6_Sense3,176358570066116,Pomerania,Pride6_Sense3
QUEUE,ComputeScalar2,Sense3,176358571152940,Pomerania,Pride6_Sense3
QUEUE,ComputeScalar3,Pride6_Sense3,176358571213922,Pomerania,Pride6_Sense3
START,ComputeScalar2,Sense3,176358571229021,Pomerania,Pride6_Sense3
START,ComputeScalar3,Pride6_Sense3,176358571494208,Pomerania,Pride6_Sense3
STOP,ComputeScalar2,Sense3,176358572789988,Pomerania,Pride6_Sense3
STOP,Tokenize1,Pride6,176359938029811,Pomerania,Pride6_Sense3
STOP,Collect1,Pride6,176359941850780,Pomerania,Pride6_Sense3
QUEUE,ComputeScalar1,Pride6,176359966273080,Pomerania,Pride6_Sense3
START,ComputeScalar1,Pride6,176359966660283,Pomerania,Pride6_Sense3
STOP,ComputeScalar3,Pride6_Sense3,176359977353526,Pomerania,Pride6_Sense3
STOP,ComputeCosine,Pride6_Sense3,176359977403494,Pomerania,Pride6_Sense3
STOP,ComputeScalar1,Pride6,176359977441983,Pomerania,Pride6_Sense3
QUEUE,Tokenize1,Pride6,176360220921667,Pomerania,Pride6_Sense4
QUEUE,Tokenize2,Sense4,176360220927991,Pomerania,Pride6_Sense4
START,Tokenize1,Pride6,176360220989383,Pomerania,Pride6_Sense4
START,Tokenize2,Sense4,176360221376445,Pomerania,Pride6_Sense4
QUEUE,Collect1,Pride6,176360227117459,Pomerania,Pride6_Sense4
START,Collect1,Pride6,176360227181418,Pomerania,Pride6_Sense4
QUEUE,Collect2,Sense4,176360236927195,Pomerania,Pride6_Sense4
START,Collect2,Sense4,176360236993466,Pomerania,Pride6_Sense4
QUEUE,ComputeCosine,Pride6_Sense4,176360237052725,Pomerania,Pride6_Sense4
START,ComputeCosine,Pride6_Sense4,176360237091111,Pomerania,Pride6_Sense4
STOP,Tokenize2,Sense4,176360240922435,Pomerania,Pride6_Sense4
STOP,Collect2,Sense4,176360242399301,Pomerania,Pride6_Sense4
QUEUE,ComputeScalar2,Sense4,176360246454146,Pomerania,Pride6_Sense4
QUEUE,ComputeScalar3,Pride6_Sense4,176360246538453,Pomerania,Pride6_Sense4
START,ComputeScalar2,Sense4,176360246560741,Pomerania,Pride6_Sense4
START,ComputeScalar3,Pride6_Sense4,176360246745099,Pomerania,Pride6_Sense4
STOP,ComputeScalar2,Sense4,176360250271142,Pomerania,Pride6_Sense4
STOP,Tokenize1,Pride6,176360279977364,Pomerania,Pride6_Sense4
STOP,Collect1,Pride6,176360284120248,Pomerania,Pride6_Sense4
QUEUE,ComputeScalar1,Pride6,176360309860882,Pomerania,Pride6_Sense4
START,ComputeScalar1,Pride6,176360310212248,Pomerania,Pride6_Sense4
STOP,ComputeScalar1,Pride6,176360321526349,Pomerania,Pride6_Sense4
STOP,ComputeScalar3,Pride6_Sense4,176360321491956,Pomerania,Pride6_Sense4
STOP,ComputeCosine,Pride6_Sense4,176360321545194,Pomerania,Pride6_Sense4
QUEUE,Tokenize1,Pride6,176360609194426,Pomerania,Pride6_Sense5
START,Tokenize1,Pride6,176360609259403,Pomerania,Pride6_Sense5
QUEUE,Tokenize2,Sense5,176360609318302,Pomerania,Pride6_Sense5
START,Tokenize2,Sense5,176360609356659,Pomerania,Pride6_Sense5
QUEUE,Collect1,Pride6,176360610095625,Pomerania,Pride6_Sense5
START,Collect1,Pride6,176360610141499,Pomerania,Pride6_Sense5
QUEUE,Collect2,Sense5,176360610194602,Pomerania,Pride6_Sense5
START,Collect2,Sense5,176360610234434,Pomerania,Pride6_Sense5
QUEUE,ComputeCosine,Pride6_Sense5,176360610535426,Pomerania,Pride6_Sense5
START,ComputeCosine,Pride6_Sense5,176360610573560,Pomerania,Pride6_Sense5
STOP,Tokenize2,Sense5,176360730053128,Pomerania,Pride6_Sense5
STOP,Collect2,Sense5,176362273030290,Pomerania,Pride6_Sense5
STOP,Collect1,Pride6,176362280627682,Pomerania,Pride6_Sense5
QUEUE,ComputeScalar2,Sense5,176362291196871,Pomerania,Pride6_Sense5
QUEUE,ComputeScalar3,Pride6_Sense5,176362291288699,Pomerania,Pride6_Sense5
START,ComputeScalar2,Sense5,176362291311313,Pomerania,Pride6_Sense5
START,ComputeScalar3,Pride6_Sense5,176362291620587,Pomerania,Pride6_Sense5
STOP,ComputeScalar2,Sense5,176362302923162,Pomerania,Pride6_Sense5
STOP,Tokenize1,Pride6,176362303097776,Pomerania,Pride6_Sense5
QUEUE,ComputeScalar1,Pride6,176362310531756,Pomerania,Pride6_Sense5
START,ComputeScalar1,Pride6,176362310912043,Pomerania,Pride6_Sense5
STOP,ComputeScalar3,Pride6_Sense5,176362322715457,Pomerania,Pride6_Sense5
STOP,ComputeCosine,Pride6_Sense5,176362322768429,Pomerania,Pride6_Sense5
STOP,ComputeScalar1,Pride6,176362322796318,Pomerania,Pride6_Sense5
QUEUE,Tokenize1,Pride6,176362618672031,Pomerania,Pride6_Sense6
START,Tokenize1,Pride6,176362618741607,Pomerania,Pride6_Sense6
QUEUE,Tokenize2,Sense6,176362618800962,Pomerania,Pride6_Sense6
START,Tokenize2,Sense6,176362618845071,Pomerania,Pride6_Sense6
QUEUE,Collect1,Pride6,176362619053670,Pomerania,Pride6_Sense6
START,Collect1,Pride6,176362619381746,Pomerania,Pride6_Sense6
QUEUE,Collect2,Sense6,176362619478365,Pomerania,Pride6_Sense6
START,Collect2,Sense6,176362619800963,Pomerania,Pride6_Sense6
QUEUE,ComputeCosine,Pride6_Sense6,176362619893396,Pomerania,Pride6_Sense6
START,ComputeCosine,Pride6_Sense6,176362620217543,Pomerania,Pride6_Sense6
STOP,Tokenize2,Sense6,176362736756162,Pomerania,Pride6_Sense6
STOP,Collect2,Sense6,176362783513869,Pomerania,Pride6_Sense6
QUEUE,ComputeScalar2,Sense6,176364881155336,Pomerania,Pride6_Sense6
QUEUE,ComputeScalar3,Pride6_Sense6,176364881232640,Pomerania,Pride6_Sense6
START,ComputeScalar2,Sense6,176364881250889,Pomerania,Pride6_Sense6
START,ComputeScalar3,Pride6_Sense6,176364881564297,Pomerania,Pride6_Sense6
STOP,ComputeScalar2,Sense6,176364896944155,Pomerania,Pride6_Sense6
STOP,Tokenize1,Pride6,176364907042390,Pomerania,Pride6_Sense6
STOP,Collect1,Pride6,176364911662410,Pomerania,Pride6_Sense6
QUEUE,ComputeScalar1,Pride6,176364944500808,Pomerania,Pride6_Sense6
START,ComputeScalar1,Pride6,176364944614951,Pomerania,Pride6_Sense6
STOP,ComputeScalar3,Pride6_Sense6,176364957407701,Pomerania,Pride6_Sense6
STOP,ComputeScalar1,Pride6,176364957540725,Pomerania,Pride6_Sense6
STOP,ComputeCosine,Pride6_Sense6,176364965425100,Pomerania,Pride6_Sense6
