type, name, input_id, time, team, meas_id
QUEUE,Tokenize1,Pride1,1604172801081,igen,Pride1_Sense1
QUEUE,Tokenize2,Sense1,1604172801081,igen,Pride1_Sense1
START,Tokenize1,Pride1,1604172801081,igen,Pride1_Sense1
START,Tokenize2,Sense1,1604172801081,igen,Pride1_Sense1
STOP,Tokenize2,Sense1,1604172801081,igen,Pride1_Sense1
START,Collect2,Sense1,1604172801081,igen,Pride1_Sense1
STOP,Collect2,Sense1,1604172801091,igen,Pride1_Sense1
QUEUE,ComputeScalar2,Sense1,1604172801091,igen,Pride1_Sense1
QUEUE,Collect2,Sense1,1604172801096,igen,Pride1_Sense1
START,ComputeScalar2,Sense1,1604172801096,igen,Pride1_Sense1
STOP,ComputeScalar2,Sense1,1604172801096,igen,Pride1_Sense1
STOP,Tokenize1,Pride1,1604172801117,igen,Pride1_Sense1
QUEUE,Collect1,Pride1,1604172801122,igen,Pride1_Sense1
START,Collect1,Pride1,1604172801122,igen,Pride1_Sense1
STOP,Collect1,Pride1,1604172801151,igen,Pride1_Sense1
QUEUE,ComputeScalar3,Pride1_Sense1,1604172801151,igen,Pride1_Sense1
QUEUE,ComputeScalar1,Pride1,1604172801151,igen,Pride1_Sense1
START,ComputeScalar1,Pride1,1604172801151,igen,Pride1_Sense1
START,ComputeScalar3,Pride1_Sense1,1604172801151,igen,Pride1_Sense1
STOP,ComputeScalar3,Pride1_Sense1,1604172801151,igen,Pride1_Sense1
STOP,ComputeScalar1,Pride1,1604172801151,igen,Pride1_Sense1
QUEUE,ComputeCosine,Pride1_Sense1,1604172801151,igen,Pride1_Sense1
START,ComputeCosine,Pride1_Sense1,1604172801151,igen,Pride1_Sense1
STOP,ComputeCosine,Pride1_Sense1,1604172801151,igen,Pride1_Sense1
QUEUE,Tokenize1,Pride1,1604172802762,igen,Pride1_Sense2
QUEUE,Tokenize2,Sense2,1604172802762,igen,Pride1_Sense2
START,Tokenize1,Pride1,1604172802762,igen,Pride1_Sense2
START,Tokenize2,Sense2,1604172802771,igen,Pride1_Sense2
STOP,Tokenize2,Sense2,1604172802771,igen,Pride1_Sense2
START,Collect2,Sense2,1604172802771,igen,Pride1_Sense2
STOP,Collect2,Sense2,1604172802776,igen,Pride1_Sense2
QUEUE,ComputeScalar2,Sense2,1604172802776,igen,Pride1_Sense2
START,ComputeScalar2,Sense2,1604172802776,igen,Pride1_Sense2
STOP,ComputeScalar2,Sense2,1604172802776,igen,Pride1_Sense2
QUEUE,Collect2,Sense2,1604172802781,igen,Pride1_Sense2
STOP,Tokenize1,Pride1,1604172802796,igen,Pride1_Sense2
START,Collect1,Pride1,1604172802801,igen,Pride1_Sense2
QUEUE,Collect1,Pride1,1604172802806,igen,Pride1_Sense2
STOP,Collect1,Pride1,1604172802832,igen,Pride1_Sense2
QUEUE,ComputeScalar3,Pride1_Sense2,1604172802832,igen,Pride1_Sense2
START,ComputeScalar3,Pride1_Sense2,1604172802832,igen,Pride1_Sense2
START,ComputeScalar1,Pride1,1604172802832,igen,Pride1_Sense2
STOP,ComputeScalar3,Pride1_Sense2,1604172802832,igen,Pride1_Sense2
QUEUE,ComputeScalar1,Pride1,1604172802837,igen,Pride1_Sense2
STOP,ComputeScalar1,Pride1,1604172802837,igen,Pride1_Sense2
QUEUE,ComputeCosine,Pride1_Sense2,1604172802837,igen,Pride1_Sense2
START,ComputeCosine,Pride1_Sense2,1604172802837,igen,Pride1_Sense2
STOP,ComputeCosine,Pride1_Sense2,1604172802837,igen,Pride1_Sense2
QUEUE,Tokenize1,Pride1,1604172804417,igen,Pride1_Sense3
QUEUE,Tokenize2,Sense3,1604172804417,igen,Pride1_Sense3
START,Tokenize1,Pride1,1604172804417,igen,Pride1_Sense3
START,Tokenize2,Sense3,1604172804417,igen,Pride1_Sense3
STOP,Tokenize2,Sense3,1604172804417,igen,Pride1_Sense3
QUEUE,Collect2,Sense3,1604172804417,igen,Pride1_Sense3
START,Collect2,Sense3,1604172804422,igen,Pride1_Sense3
STOP,Collect2,Sense3,1604172804427,igen,Pride1_Sense3
QUEUE,ComputeScalar2,Sense3,1604172804427,igen,Pride1_Sense3
START,ComputeScalar2,Sense3,1604172804427,igen,Pride1_Sense3
STOP,ComputeScalar2,Sense3,1604172804427,igen,Pride1_Sense3
STOP,Tokenize1,Pride1,1604172804442,igen,Pride1_Sense3
QUEUE,Collect1,Pride1,1604172804452,igen,Pride1_Sense3
START,Collect1,Pride1,1604172804452,igen,Pride1_Sense3
STOP,Collect1,Pride1,1604172804476,igen,Pride1_Sense3
QUEUE,ComputeScalar3,Pride1_Sense3,1604172804476,igen,Pride1_Sense3
START,ComputeScalar3,Pride1_Sense3,1604172804476,igen,Pride1_Sense3
START,ComputeScalar1,Pride1,1604172804476,igen,Pride1_Sense3
STOP,ComputeScalar3,Pride1_Sense3,1604172804476,igen,Pride1_Sense3
QUEUE,ComputeScalar1,Pride1,1604172804476,igen,Pride1_Sense3
STOP,ComputeScalar1,Pride1,1604172804476,igen,Pride1_Sense3
QUEUE,ComputeCosine,Pride1_Sense3,1604172804476,igen,Pride1_Sense3
START,ComputeCosine,Pride1_Sense3,1604172804476,igen,Pride1_Sense3
STOP,ComputeCosine,Pride1_Sense3,1604172804481,igen,Pride1_Sense3
QUEUE,Tokenize1,Pride1,1604172806092,igen,Pride1_Sense4
QUEUE,Tokenize2,Sense4,1604172806093,igen,Pride1_Sense4
START,Tokenize1,Pride1,1604172806093,igen,Pride1_Sense4
START,Tokenize2,Sense4,1604172806093,igen,Pride1_Sense4
STOP,Tokenize2,Sense4,1604172806094,igen,Pride1_Sense4
QUEUE,Collect2,Sense4,1604172806095,igen,Pride1_Sense4
START,Collect2,Sense4,1604172806097,igen,Pride1_Sense4
STOP,Collect2,Sense4,1604172806099,igen,Pride1_Sense4
QUEUE,ComputeScalar2,Sense4,1604172806104,igen,Pride1_Sense4
START,ComputeScalar2,Sense4,1604172806105,igen,Pride1_Sense4
STOP,ComputeScalar2,Sense4,1604172806105,igen,Pride1_Sense4
STOP,Tokenize1,Pride1,1604172806129,igen,Pride1_Sense4
START,Collect1,Pride1,1604172806130,igen,Pride1_Sense4
QUEUE,Collect1,Pride1,1604172806150,igen,Pride1_Sense4
STOP,Collect1,Pride1,1604172806161,igen,Pride1_Sense4
QUEUE,ComputeScalar3,Pride1_Sense4,1604172806161,igen,Pride1_Sense4
START,ComputeScalar3,Pride1_Sense4,1604172806161,igen,Pride1_Sense4
START,ComputeScalar1,Pride1,1604172806162,igen,Pride1_Sense4
STOP,ComputeScalar3,Pride1_Sense4,1604172806163,igen,Pride1_Sense4
QUEUE,ComputeScalar1,Pride1,1604172806162,igen,Pride1_Sense4
STOP,ComputeScalar1,Pride1,1604172806165,igen,Pride1_Sense4
QUEUE,ComputeCosine,Pride1_Sense4,1604172806165,igen,Pride1_Sense4
START,ComputeCosine,Pride1_Sense4,1604172806166,igen,Pride1_Sense4
STOP,ComputeCosine,Pride1_Sense4,1604172806166,igen,Pride1_Sense4
QUEUE,Tokenize1,Pride1,1604172807712,igen,Pride1_Sense5
QUEUE,Tokenize2,Sense5,1604172807712,igen,Pride1_Sense5
START,Tokenize2,Sense5,1604172807712,igen,Pride1_Sense5
START,Tokenize1,Pride1,1604172807712,igen,Pride1_Sense5
STOP,Tokenize2,Sense5,1604172807714,igen,Pride1_Sense5
QUEUE,Collect2,Sense5,1604172807714,igen,Pride1_Sense5
START,Collect2,Sense5,1604172807714,igen,Pride1_Sense5
STOP,Collect2,Sense5,1604172807714,igen,Pride1_Sense5
QUEUE,ComputeScalar2,Sense5,1604172807714,igen,Pride1_Sense5
START,ComputeScalar2,Sense5,1604172807721,igen,Pride1_Sense5
STOP,ComputeScalar2,Sense5,1604172807721,igen,Pride1_Sense5
STOP,Tokenize1,Pride1,1604172807741,igen,Pride1_Sense5
START,Collect1,Pride1,1604172807741,igen,Pride1_Sense5
QUEUE,Collect1,Pride1,1604172807746,igen,Pride1_Sense5
STOP,Collect1,Pride1,1604172807776,igen,Pride1_Sense5
QUEUE,ComputeScalar3,Pride1_Sense5,1604172807776,igen,Pride1_Sense5
QUEUE,ComputeScalar1,Pride1,1604172807776,igen,Pride1_Sense5
START,ComputeScalar3,Pride1_Sense5,1604172807776,igen,Pride1_Sense5
START,ComputeScalar1,Pride1,1604172807776,igen,Pride1_Sense5
STOP,ComputeScalar3,Pride1_Sense5,1604172807776,igen,Pride1_Sense5
STOP,ComputeScalar1,Pride1,1604172807776,igen,Pride1_Sense5
QUEUE,ComputeCosine,Pride1_Sense5,1604172807776,igen,Pride1_Sense5
START,ComputeCosine,Pride1_Sense5,1604172807776,igen,Pride1_Sense5
STOP,ComputeCosine,Pride1_Sense5,1604172807776,igen,Pride1_Sense5
QUEUE,Tokenize1,Pride1,1604172809351,igen,Pride1_Sense6
QUEUE,Tokenize2,Sense6,1604172809351,igen,Pride1_Sense6
START,Tokenize2,Sense6,1604172809351,igen,Pride1_Sense6
START,Tokenize1,Pride1,1604172809351,igen,Pride1_Sense6
STOP,Tokenize2,Sense6,1604172809351,igen,Pride1_Sense6
QUEUE,Collect2,Sense6,1604172809362,igen,Pride1_Sense6
START,Collect2,Sense6,1604172809381,igen,Pride1_Sense6
STOP,Collect2,Sense6,1604172809381,igen,Pride1_Sense6
QUEUE,ComputeScalar2,Sense6,1604172809381,igen,Pride1_Sense6
START,ComputeScalar2,Sense6,1604172809386,igen,Pride1_Sense6
STOP,ComputeScalar2,Sense6,1604172809386,igen,Pride1_Sense6
STOP,Tokenize1,Pride1,1604172809392,igen,Pride1_Sense6
QUEUE,Collect1,Pride1,1604172809392,igen,Pride1_Sense6
START,Collect1,Pride1,1604172809397,igen,Pride1_Sense6
STOP,Collect1,Pride1,1604172809426,igen,Pride1_Sense6
QUEUE,ComputeScalar3,Pride1_Sense6,1604172809426,igen,Pride1_Sense6
QUEUE,ComputeScalar1,Pride1,1604172809426,igen,Pride1_Sense6
START,ComputeScalar3,Pride1_Sense6,1604172809426,igen,Pride1_Sense6
START,ComputeScalar1,Pride1,1604172809431,igen,Pride1_Sense6
STOP,ComputeScalar3,Pride1_Sense6,1604172809431,igen,Pride1_Sense6
STOP,ComputeScalar1,Pride1,1604172809431,igen,Pride1_Sense6
QUEUE,ComputeCosine,Pride1_Sense6,1604172809431,igen,Pride1_Sense6
START,ComputeCosine,Pride1_Sense6,1604172809431,igen,Pride1_Sense6
STOP,ComputeCosine,Pride1_Sense6,1604172809431,igen,Pride1_Sense6
QUEUE,Tokenize1,Pride2,1604172811053,igen,Pride2_Sense1
QUEUE,Tokenize2,Sense1,1604172811054,igen,Pride2_Sense1
START,Tokenize1,Pride2,1604172811054,igen,Pride2_Sense1
START,Tokenize2,Sense1,1604172811055,igen,Pride2_Sense1
STOP,Tokenize2,Sense1,1604172811055,igen,Pride2_Sense1
QUEUE,Collect2,Sense1,1604172811056,igen,Pride2_Sense1
START,Collect2,Sense1,1604172811058,igen,Pride2_Sense1
STOP,Collect2,Sense1,1604172811088,igen,Pride2_Sense1
QUEUE,ComputeScalar2,Sense1,1604172811090,igen,Pride2_Sense1
START,ComputeScalar2,Sense1,1604172811090,igen,Pride2_Sense1
STOP,ComputeScalar2,Sense1,1604172811090,igen,Pride2_Sense1
STOP,Tokenize1,Pride2,1604172811115,igen,Pride2_Sense1
START,Collect1,Pride2,1604172811115,igen,Pride2_Sense1
QUEUE,Collect1,Pride2,1604172811146,igen,Pride2_Sense1
STOP,Collect1,Pride2,1604172811168,igen,Pride2_Sense1
QUEUE,ComputeScalar3,Pride2_Sense1,1604172811168,igen,Pride2_Sense1
START,ComputeScalar3,Pride2_Sense1,1604172811168,igen,Pride2_Sense1
START,ComputeScalar1,Pride2,1604172811168,igen,Pride2_Sense1
STOP,ComputeScalar3,Pride2_Sense1,1604172811171,igen,Pride2_Sense1
QUEUE,ComputeScalar1,Pride2,1604172811171,igen,Pride2_Sense1
STOP,ComputeScalar1,Pride2,1604172811173,igen,Pride2_Sense1
QUEUE,ComputeCosine,Pride2_Sense1,1604172811173,igen,Pride2_Sense1
START,ComputeCosine,Pride2_Sense1,1604172811173,igen,Pride2_Sense1
STOP,ComputeCosine,Pride2_Sense1,1604172811173,igen,Pride2_Sense1
QUEUE,Tokenize1,Pride2,1604172812812,igen,Pride2_Sense2
QUEUE,Tokenize2,Sense2,1604172812812,igen,Pride2_Sense2
START,Tokenize1,Pride2,1604172812812,igen,Pride2_Sense2
START,Tokenize2,Sense2,1604172812812,igen,Pride2_Sense2
STOP,Tokenize2,Sense2,1604172812812,igen,Pride2_Sense2
START,Collect2,Sense2,1604172812817,igen,Pride2_Sense2
STOP,Collect2,Sense2,1604172812817,igen,Pride2_Sense2
QUEUE,ComputeScalar2,Sense2,1604172812821,igen,Pride2_Sense2
START,ComputeScalar2,Sense2,1604172812826,igen,Pride2_Sense2
STOP,ComputeScalar2,Sense2,1604172812826,igen,Pride2_Sense2
QUEUE,Collect2,Sense2,1604172812851,igen,Pride2_Sense2
STOP,Tokenize1,Pride2,1604172812872,igen,Pride2_Sense2
QUEUE,Collect1,Pride2,1604172812872,igen,Pride2_Sense2
START,Collect1,Pride2,1604172812872,igen,Pride2_Sense2
STOP,Collect1,Pride2,1604172812921,igen,Pride2_Sense2
START,ComputeScalar3,Pride2_Sense2,1604172812921,igen,Pride2_Sense2
QUEUE,ComputeScalar3,Pride2_Sense2,1604172812921,igen,Pride2_Sense2
STOP,ComputeScalar3,Pride2_Sense2,1604172812926,igen,Pride2_Sense2
QUEUE,ComputeScalar1,Pride2,1604172812927,igen,Pride2_Sense2
START,ComputeScalar1,Pride2,1604172812927,igen,Pride2_Sense2
STOP,ComputeScalar1,Pride2,1604172812931,igen,Pride2_Sense2
QUEUE,ComputeCosine,Pride2_Sense2,1604172812931,igen,Pride2_Sense2
START,ComputeCosine,Pride2_Sense2,1604172812931,igen,Pride2_Sense2
STOP,ComputeCosine,Pride2_Sense2,1604172812931,igen,Pride2_Sense2
QUEUE,Tokenize1,Pride2,1604172814466,igen,Pride2_Sense3
QUEUE,Tokenize2,Sense3,1604172814466,igen,Pride2_Sense3
START,Tokenize1,Pride2,1604172814466,igen,Pride2_Sense3
START,Tokenize2,Sense3,1604172814466,igen,Pride2_Sense3
STOP,Tokenize2,Sense3,1604172814466,igen,Pride2_Sense3
QUEUE,Collect2,Sense3,1604172814466,igen,Pride2_Sense3
START,Collect2,Sense3,1604172814471,igen,Pride2_Sense3
STOP,Collect2,Sense3,1604172814471,igen,Pride2_Sense3
QUEUE,ComputeScalar2,Sense3,1604172814471,igen,Pride2_Sense3
START,ComputeScalar2,Sense3,1604172814476,igen,Pride2_Sense3
STOP,ComputeScalar2,Sense3,1604172814476,igen,Pride2_Sense3
STOP,Tokenize1,Pride2,1604172814521,igen,Pride2_Sense3
START,Collect1,Pride2,1604172814521,igen,Pride2_Sense3
QUEUE,Collect1,Pride2,1604172814526,igen,Pride2_Sense3
STOP,Collect1,Pride2,1604172814567,igen,Pride2_Sense3
START,ComputeScalar3,Pride2_Sense3,1604172814572,igen,Pride2_Sense3
QUEUE,ComputeScalar3,Pride2_Sense3,1604172814572,igen,Pride2_Sense3
START,ComputeScalar1,Pride2,1604172814572,igen,Pride2_Sense3
STOP,ComputeScalar3,Pride2_Sense3,1604172814572,igen,Pride2_Sense3
QUEUE,ComputeScalar1,Pride2,1604172814572,igen,Pride2_Sense3
STOP,ComputeScalar1,Pride2,1604172814577,igen,Pride2_Sense3
QUEUE,ComputeCosine,Pride2_Sense3,1604172814577,igen,Pride2_Sense3
START,ComputeCosine,Pride2_Sense3,1604172814577,igen,Pride2_Sense3
STOP,ComputeCosine,Pride2_Sense3,1604172814577,igen,Pride2_Sense3
QUEUE,Tokenize1,Pride2,1604172816158,igen,Pride2_Sense4
QUEUE,Tokenize2,Sense4,1604172816158,igen,Pride2_Sense4
START,Tokenize1,Pride2,1604172816158,igen,Pride2_Sense4
START,Tokenize2,Sense4,1604172816158,igen,Pride2_Sense4
STOP,Tokenize2,Sense4,1604172816158,igen,Pride2_Sense4
QUEUE,Collect2,Sense4,1604172816161,igen,Pride2_Sense4
START,Collect2,Sense4,1604172816161,igen,Pride2_Sense4
STOP,Collect2,Sense4,1604172816166,igen,Pride2_Sense4
QUEUE,ComputeScalar2,Sense4,1604172816166,igen,Pride2_Sense4
START,ComputeScalar2,Sense4,1604172816166,igen,Pride2_Sense4
STOP,ComputeScalar2,Sense4,1604172816166,igen,Pride2_Sense4
STOP,Tokenize1,Pride2,1604172816212,igen,Pride2_Sense4
QUEUE,Collect1,Pride2,1604172816212,igen,Pride2_Sense4
START,Collect1,Pride2,1604172816212,igen,Pride2_Sense4
STOP,Collect1,Pride2,1604172816253,igen,Pride2_Sense4
QUEUE,ComputeScalar3,Pride2_Sense4,1604172816253,igen,Pride2_Sense4
QUEUE,ComputeScalar1,Pride2,1604172816253,igen,Pride2_Sense4
START,ComputeScalar3,Pride2_Sense4,1604172816261,igen,Pride2_Sense4
START,ComputeScalar1,Pride2,1604172816261,igen,Pride2_Sense4
STOP,ComputeScalar1,Pride2,1604172816266,igen,Pride2_Sense4
STOP,ComputeScalar3,Pride2_Sense4,1604172816266,igen,Pride2_Sense4
QUEUE,ComputeCosine,Pride2_Sense4,1604172816266,igen,Pride2_Sense4
START,ComputeCosine,Pride2_Sense4,1604172816266,igen,Pride2_Sense4
STOP,ComputeCosine,Pride2_Sense4,1604172816266,igen,Pride2_Sense4
QUEUE,Tokenize1,Pride2,1604172817891,igen,Pride2_Sense5
QUEUE,Tokenize2,Sense5,1604172817891,igen,Pride2_Sense5
START,Tokenize1,Pride2,1604172817891,igen,Pride2_Sense5
START,Tokenize2,Sense5,1604172817891,igen,Pride2_Sense5
STOP,Tokenize2,Sense5,1604172817891,igen,Pride2_Sense5
QUEUE,Collect2,Sense5,1604172817891,igen,Pride2_Sense5
START,Collect2,Sense5,1604172817896,igen,Pride2_Sense5
STOP,Collect2,Sense5,1604172817922,igen,Pride2_Sense5
QUEUE,ComputeScalar2,Sense5,1604172817922,igen,Pride2_Sense5
START,ComputeScalar2,Sense5,1604172817922,igen,Pride2_Sense5
STOP,ComputeScalar2,Sense5,1604172817922,igen,Pride2_Sense5
STOP,Tokenize1,Pride2,1604172817951,igen,Pride2_Sense5
QUEUE,Collect1,Pride2,1604172817951,igen,Pride2_Sense5
START,Collect1,Pride2,1604172817951,igen,Pride2_Sense5
STOP,Collect1,Pride2,1604172818007,igen,Pride2_Sense5
START,ComputeScalar3,Pride2_Sense5,1604172818007,igen,Pride2_Sense5
QUEUE,ComputeScalar3,Pride2_Sense5,1604172818007,igen,Pride2_Sense5
START,ComputeScalar1,Pride2,1604172818007,igen,Pride2_Sense5
STOP,ComputeScalar3,Pride2_Sense5,1604172818007,igen,Pride2_Sense5
QUEUE,ComputeScalar1,Pride2,1604172818007,igen,Pride2_Sense5
STOP,ComputeScalar1,Pride2,1604172818012,igen,Pride2_Sense5
QUEUE,ComputeCosine,Pride2_Sense5,1604172818012,igen,Pride2_Sense5
START,ComputeCosine,Pride2_Sense5,1604172818012,igen,Pride2_Sense5
STOP,ComputeCosine,Pride2_Sense5,1604172818012,igen,Pride2_Sense5
QUEUE,Tokenize1,Pride2,1604172819581,igen,Pride2_Sense6
QUEUE,Tokenize2,Sense6,1604172819581,igen,Pride2_Sense6
START,Tokenize1,Pride2,1604172819581,igen,Pride2_Sense6
START,Tokenize2,Sense6,1604172819581,igen,Pride2_Sense6
STOP,Tokenize2,Sense6,1604172819592,igen,Pride2_Sense6
QUEUE,Collect2,Sense6,1604172819592,igen,Pride2_Sense6
START,Collect2,Sense6,1604172819592,igen,Pride2_Sense6
STOP,Collect2,Sense6,1604172819592,igen,Pride2_Sense6
QUEUE,ComputeScalar2,Sense6,1604172819592,igen,Pride2_Sense6
START,ComputeScalar2,Sense6,1604172819592,igen,Pride2_Sense6
STOP,ComputeScalar2,Sense6,1604172819592,igen,Pride2_Sense6
STOP,Tokenize1,Pride2,1604172819651,igen,Pride2_Sense6
QUEUE,Collect1,Pride2,1604172819651,igen,Pride2_Sense6
START,Collect1,Pride2,1604172819651,igen,Pride2_Sense6
STOP,Collect1,Pride2,1604172819711,igen,Pride2_Sense6
QUEUE,ComputeScalar3,Pride2_Sense6,1604172819711,igen,Pride2_Sense6
START,ComputeScalar3,Pride2_Sense6,1604172819711,igen,Pride2_Sense6
START,ComputeScalar1,Pride2,1604172819711,igen,Pride2_Sense6
STOP,ComputeScalar3,Pride2_Sense6,1604172819711,igen,Pride2_Sense6
QUEUE,ComputeScalar1,Pride2,1604172819711,igen,Pride2_Sense6
STOP,ComputeScalar1,Pride2,1604172819711,igen,Pride2_Sense6
QUEUE,ComputeCosine,Pride2_Sense6,1604172819711,igen,Pride2_Sense6
START,ComputeCosine,Pride2_Sense6,1604172819711,igen,Pride2_Sense6
STOP,ComputeCosine,Pride2_Sense6,1604172819711,igen,Pride2_Sense6
QUEUE,Tokenize1,Pride3,1604172821342,igen,Pride3_Sense1
QUEUE,Tokenize2,Sense1,1604172821342,igen,Pride3_Sense1
START,Tokenize1,Pride3,1604172821342,igen,Pride3_Sense1
START,Tokenize2,Sense1,1604172821342,igen,Pride3_Sense1
STOP,Tokenize2,Sense1,1604172821342,igen,Pride3_Sense1
START,Collect2,Sense1,1604172821342,igen,Pride3_Sense1
STOP,Collect2,Sense1,1604172821342,igen,Pride3_Sense1
QUEUE,ComputeScalar2,Sense1,1604172821351,igen,Pride3_Sense1
START,ComputeScalar2,Sense1,1604172821351,igen,Pride3_Sense1
STOP,ComputeScalar2,Sense1,1604172821351,igen,Pride3_Sense1
QUEUE,Collect2,Sense1,1604172821351,igen,Pride3_Sense1
STOP,Tokenize1,Pride3,1604172821426,igen,Pride3_Sense1
START,Collect1,Pride3,1604172821426,igen,Pride3_Sense1
QUEUE,Collect1,Pride3,1604172821436,igen,Pride3_Sense1
STOP,Collect1,Pride3,1604172821492,igen,Pride3_Sense1
QUEUE,ComputeScalar3,Pride3_Sense1,1604172821492,igen,Pride3_Sense1
START,ComputeScalar3,Pride3_Sense1,1604172821492,igen,Pride3_Sense1
START,ComputeScalar1,Pride3,1604172821492,igen,Pride3_Sense1
STOP,ComputeScalar3,Pride3_Sense1,1604172821497,igen,Pride3_Sense1
QUEUE,ComputeScalar1,Pride3,1604172821502,igen,Pride3_Sense1
STOP,ComputeScalar1,Pride3,1604172821506,igen,Pride3_Sense1
QUEUE,ComputeCosine,Pride3_Sense1,1604172821506,igen,Pride3_Sense1
START,ComputeCosine,Pride3_Sense1,1604172821506,igen,Pride3_Sense1
STOP,ComputeCosine,Pride3_Sense1,1604172821506,igen,Pride3_Sense1
QUEUE,Tokenize1,Pride3,1604172823117,igen,Pride3_Sense2
QUEUE,Tokenize2,Sense2,1604172823117,igen,Pride3_Sense2
START,Tokenize1,Pride3,1604172823118,igen,Pride3_Sense2
START,Tokenize2,Sense2,1604172823118,igen,Pride3_Sense2
STOP,Tokenize2,Sense2,1604172823121,igen,Pride3_Sense2
START,Collect2,Sense2,1604172823121,igen,Pride3_Sense2
STOP,Collect2,Sense2,1604172823124,igen,Pride3_Sense2
QUEUE,ComputeScalar2,Sense2,1604172823125,igen,Pride3_Sense2
START,ComputeScalar2,Sense2,1604172823126,igen,Pride3_Sense2
STOP,ComputeScalar2,Sense2,1604172823126,igen,Pride3_Sense2
QUEUE,Collect2,Sense2,1604172823129,igen,Pride3_Sense2
STOP,Tokenize1,Pride3,1604172823192,igen,Pride3_Sense2
START,Collect1,Pride3,1604172823192,igen,Pride3_Sense2
QUEUE,Collect1,Pride3,1604172823197,igen,Pride3_Sense2
STOP,Collect1,Pride3,1604172823266,igen,Pride3_Sense2
QUEUE,ComputeScalar3,Pride3_Sense2,1604172823266,igen,Pride3_Sense2
START,ComputeScalar3,Pride3_Sense2,1604172823266,igen,Pride3_Sense2
START,ComputeScalar1,Pride3,1604172823271,igen,Pride3_Sense2
STOP,ComputeScalar3,Pride3_Sense2,1604172823271,igen,Pride3_Sense2
QUEUE,ComputeScalar1,Pride3,1604172823271,igen,Pride3_Sense2
STOP,ComputeScalar1,Pride3,1604172823276,igen,Pride3_Sense2
QUEUE,ComputeCosine,Pride3_Sense2,1604172823276,igen,Pride3_Sense2
START,ComputeCosine,Pride3_Sense2,1604172823276,igen,Pride3_Sense2
STOP,ComputeCosine,Pride3_Sense2,1604172823276,igen,Pride3_Sense2
QUEUE,Tokenize1,Pride3,1604172824891,igen,Pride3_Sense3
QUEUE,Tokenize2,Sense3,1604172824891,igen,Pride3_Sense3
START,Tokenize1,Pride3,1604172824896,igen,Pride3_Sense3
START,Tokenize2,Sense3,1604172824896,igen,Pride3_Sense3
STOP,Tokenize2,Sense3,1604172824896,igen,Pride3_Sense3
QUEUE,Collect2,Sense3,1604172824896,igen,Pride3_Sense3
START,Collect2,Sense3,1604172824896,igen,Pride3_Sense3
STOP,Collect2,Sense3,1604172824901,igen,Pride3_Sense3
QUEUE,ComputeScalar2,Sense3,1604172824911,igen,Pride3_Sense3
START,ComputeScalar2,Sense3,1604172824911,igen,Pride3_Sense3
STOP,ComputeScalar2,Sense3,1604172824911,igen,Pride3_Sense3
STOP,Tokenize1,Pride3,1604172824987,igen,Pride3_Sense3
START,Collect1,Pride3,1604172824987,igen,Pride3_Sense3
QUEUE,Collect1,Pride3,1604172824996,igen,Pride3_Sense3
STOP,Collect1,Pride3,1604172825052,igen,Pride3_Sense3
QUEUE,ComputeScalar3,Pride3_Sense3,1604172825052,igen,Pride3_Sense3
START,ComputeScalar3,Pride3_Sense3,1604172825052,igen,Pride3_Sense3
START,ComputeScalar1,Pride3,1604172825052,igen,Pride3_Sense3
STOP,ComputeScalar3,Pride3_Sense3,1604172825057,igen,Pride3_Sense3
QUEUE,ComputeScalar1,Pride3,1604172825057,igen,Pride3_Sense3
STOP,ComputeScalar1,Pride3,1604172825057,igen,Pride3_Sense3
QUEUE,ComputeCosine,Pride3_Sense3,1604172825062,igen,Pride3_Sense3
START,ComputeCosine,Pride3_Sense3,1604172825062,igen,Pride3_Sense3
STOP,ComputeCosine,Pride3_Sense3,1604172825062,igen,Pride3_Sense3
QUEUE,Tokenize1,Pride3,1604172826642,igen,Pride3_Sense4
QUEUE,Tokenize2,Sense4,1604172826642,igen,Pride3_Sense4
START,Tokenize1,Pride3,1604172826651,igen,Pride3_Sense4
START,Tokenize2,Sense4,1604172826651,igen,Pride3_Sense4
STOP,Tokenize2,Sense4,1604172826651,igen,Pride3_Sense4
QUEUE,Collect2,Sense4,1604172826651,igen,Pride3_Sense4
START,Collect2,Sense4,1604172826651,igen,Pride3_Sense4
STOP,Collect2,Sense4,1604172826656,igen,Pride3_Sense4
QUEUE,ComputeScalar2,Sense4,1604172826656,igen,Pride3_Sense4
START,ComputeScalar2,Sense4,1604172826656,igen,Pride3_Sense4
STOP,ComputeScalar2,Sense4,1604172826656,igen,Pride3_Sense4
STOP,Tokenize1,Pride3,1604172826721,igen,Pride3_Sense4
START,Collect1,Pride3,1604172826721,igen,Pride3_Sense4
QUEUE,Collect1,Pride3,1604172826721,igen,Pride3_Sense4
STOP,Collect1,Pride3,1604172826796,igen,Pride3_Sense4
QUEUE,ComputeScalar3,Pride3_Sense4,1604172826796,igen,Pride3_Sense4
START,ComputeScalar3,Pride3_Sense4,1604172826796,igen,Pride3_Sense4
START,ComputeScalar1,Pride3,1604172826796,igen,Pride3_Sense4
STOP,ComputeScalar3,Pride3_Sense4,1604172826801,igen,Pride3_Sense4
QUEUE,ComputeScalar1,Pride3,1604172826801,igen,Pride3_Sense4
STOP,ComputeScalar1,Pride3,1604172826804,igen,Pride3_Sense4
QUEUE,ComputeCosine,Pride3_Sense4,1604172826804,igen,Pride3_Sense4
START,ComputeCosine,Pride3_Sense4,1604172826804,igen,Pride3_Sense4
STOP,ComputeCosine,Pride3_Sense4,1604172826804,igen,Pride3_Sense4
QUEUE,Tokenize1,Pride3,1604172828422,igen,Pride3_Sense5
QUEUE,Tokenize2,Sense5,1604172828427,igen,Pride3_Sense5
START,Tokenize1,Pride3,1604172828427,igen,Pride3_Sense5
START,Tokenize2,Sense5,1604172828427,igen,Pride3_Sense5
STOP,Tokenize2,Sense5,1604172828427,igen,Pride3_Sense5
QUEUE,Collect2,Sense5,1604172828427,igen,Pride3_Sense5
START,Collect2,Sense5,1604172828427,igen,Pride3_Sense5
STOP,Collect2,Sense5,1604172828432,igen,Pride3_Sense5
QUEUE,ComputeScalar2,Sense5,1604172828437,igen,Pride3_Sense5
START,ComputeScalar2,Sense5,1604172828437,igen,Pride3_Sense5
STOP,ComputeScalar2,Sense5,1604172828437,igen,Pride3_Sense5
STOP,Tokenize1,Pride3,1604172828506,igen,Pride3_Sense5
START,Collect1,Pride3,1604172828512,igen,Pride3_Sense5
QUEUE,Collect1,Pride3,1604172828517,igen,Pride3_Sense5
STOP,Collect1,Pride3,1604172828597,igen,Pride3_Sense5
START,ComputeScalar3,Pride3_Sense5,1604172828597,igen,Pride3_Sense5
STOP,ComputeScalar3,Pride3_Sense5,1604172828602,igen,Pride3_Sense5
QUEUE,ComputeScalar3,Pride3_Sense5,1604172828602,igen,Pride3_Sense5
START,ComputeScalar1,Pride3,1604172828607,igen,Pride3_Sense5
QUEUE,ComputeScalar1,Pride3,1604172828607,igen,Pride3_Sense5
STOP,ComputeScalar1,Pride3,1604172828612,igen,Pride3_Sense5
QUEUE,ComputeCosine,Pride3_Sense5,1604172828612,igen,Pride3_Sense5
START,ComputeCosine,Pride3_Sense5,1604172828612,igen,Pride3_Sense5
STOP,ComputeCosine,Pride3_Sense5,1604172828612,igen,Pride3_Sense5
QUEUE,Tokenize1,Pride3,1604172830461,igen,Pride3_Sense6
QUEUE,Tokenize2,Sense6,1604172830461,igen,Pride3_Sense6
START,Tokenize1,Pride3,1604172830461,igen,Pride3_Sense6
START,Tokenize2,Sense6,1604172830461,igen,Pride3_Sense6
STOP,Tokenize2,Sense6,1604172830461,igen,Pride3_Sense6
QUEUE,Collect2,Sense6,1604172830461,igen,Pride3_Sense6
START,Collect2,Sense6,1604172830472,igen,Pride3_Sense6
STOP,Collect2,Sense6,1604172830472,igen,Pride3_Sense6
QUEUE,ComputeScalar2,Sense6,1604172830482,igen,Pride3_Sense6
START,ComputeScalar2,Sense6,1604172830492,igen,Pride3_Sense6
STOP,ComputeScalar2,Sense6,1604172830492,igen,Pride3_Sense6
STOP,Tokenize1,Pride3,1604172830557,igen,Pride3_Sense6
START,Collect1,Pride3,1604172830557,igen,Pride3_Sense6
QUEUE,Collect1,Pride3,1604172830601,igen,Pride3_Sense6
STOP,Collect1,Pride3,1604172830631,igen,Pride3_Sense6
QUEUE,ComputeScalar3,Pride3_Sense6,1604172830631,igen,Pride3_Sense6
START,ComputeScalar3,Pride3_Sense6,1604172830636,igen,Pride3_Sense6
START,ComputeScalar1,Pride3,1604172830636,igen,Pride3_Sense6
STOP,ComputeScalar3,Pride3_Sense6,1604172830639,igen,Pride3_Sense6
QUEUE,ComputeScalar1,Pride3,1604172830639,igen,Pride3_Sense6
STOP,ComputeScalar1,Pride3,1604172830641,igen,Pride3_Sense6
QUEUE,ComputeCosine,Pride3_Sense6,1604172830641,igen,Pride3_Sense6
START,ComputeCosine,Pride3_Sense6,1604172830641,igen,Pride3_Sense6
STOP,ComputeCosine,Pride3_Sense6,1604172830641,igen,Pride3_Sense6
QUEUE,Tokenize1,Pride4,1604172832256,igen,Pride4_Sense1
QUEUE,Tokenize2,Sense1,1604172832257,igen,Pride4_Sense1
START,Tokenize1,Pride4,1604172832258,igen,Pride4_Sense1
START,Tokenize2,Sense1,1604172832260,igen,Pride4_Sense1
STOP,Tokenize2,Sense1,1604172832261,igen,Pride4_Sense1
QUEUE,Collect2,Sense1,1604172832261,igen,Pride4_Sense1
START,Collect2,Sense1,1604172832264,igen,Pride4_Sense1
STOP,Collect2,Sense1,1604172832267,igen,Pride4_Sense1
QUEUE,ComputeScalar2,Sense1,1604172832283,igen,Pride4_Sense1
START,ComputeScalar2,Sense1,1604172832283,igen,Pride4_Sense1
STOP,ComputeScalar2,Sense1,1604172832283,igen,Pride4_Sense1
STOP,Tokenize1,Pride4,1604172832371,igen,Pride4_Sense1
START,Collect1,Pride4,1604172832371,igen,Pride4_Sense1
QUEUE,Collect1,Pride4,1604172832371,igen,Pride4_Sense1
STOP,Collect1,Pride4,1604172832477,igen,Pride4_Sense1
QUEUE,ComputeScalar3,Pride4_Sense1,1604172832477,igen,Pride4_Sense1
START,ComputeScalar3,Pride4_Sense1,1604172832477,igen,Pride4_Sense1
START,ComputeScalar1,Pride4,1604172832477,igen,Pride4_Sense1
STOP,ComputeScalar3,Pride4_Sense1,1604172832487,igen,Pride4_Sense1
QUEUE,ComputeScalar1,Pride4,1604172832487,igen,Pride4_Sense1
STOP,ComputeScalar1,Pride4,1604172832492,igen,Pride4_Sense1
QUEUE,ComputeCosine,Pride4_Sense1,1604172832492,igen,Pride4_Sense1
START,ComputeCosine,Pride4_Sense1,1604172832492,igen,Pride4_Sense1
STOP,ComputeCosine,Pride4_Sense1,1604172832492,igen,Pride4_Sense1
QUEUE,Tokenize1,Pride4,1604172834136,igen,Pride4_Sense2
QUEUE,Tokenize2,Sense2,1604172834137,igen,Pride4_Sense2
START,Tokenize1,Pride4,1604172834137,igen,Pride4_Sense2
START,Tokenize2,Sense2,1604172834138,igen,Pride4_Sense2
STOP,Tokenize2,Sense2,1604172834140,igen,Pride4_Sense2
START,Collect2,Sense2,1604172834141,igen,Pride4_Sense2
STOP,Collect2,Sense2,1604172834144,igen,Pride4_Sense2
QUEUE,ComputeScalar2,Sense2,1604172834145,igen,Pride4_Sense2
START,ComputeScalar2,Sense2,1604172834147,igen,Pride4_Sense2
STOP,ComputeScalar2,Sense2,1604172834147,igen,Pride4_Sense2
QUEUE,Collect2,Sense2,1604172834149,igen,Pride4_Sense2
STOP,Tokenize1,Pride4,1604172834263,igen,Pride4_Sense2
QUEUE,Collect1,Pride4,1604172834264,igen,Pride4_Sense2
START,Collect1,Pride4,1604172834264,igen,Pride4_Sense2
STOP,Collect1,Pride4,1604172834366,igen,Pride4_Sense2
QUEUE,ComputeScalar3,Pride4_Sense2,1604172834366,igen,Pride4_Sense2
START,ComputeScalar3,Pride4_Sense2,1604172834366,igen,Pride4_Sense2
START,ComputeScalar1,Pride4,1604172834366,igen,Pride4_Sense2
STOP,ComputeScalar3,Pride4_Sense2,1604172834371,igen,Pride4_Sense2
QUEUE,ComputeScalar1,Pride4,1604172834371,igen,Pride4_Sense2
STOP,ComputeScalar1,Pride4,1604172834381,igen,Pride4_Sense2
QUEUE,ComputeCosine,Pride4_Sense2,1604172834381,igen,Pride4_Sense2
START,ComputeCosine,Pride4_Sense2,1604172834381,igen,Pride4_Sense2
STOP,ComputeCosine,Pride4_Sense2,1604172834381,igen,Pride4_Sense2
QUEUE,Tokenize1,Pride4,1604172836026,igen,Pride4_Sense3
QUEUE,Tokenize2,Sense3,1604172836027,igen,Pride4_Sense3
START,Tokenize1,Pride4,1604172836028,igen,Pride4_Sense3
START,Tokenize2,Sense3,1604172836028,igen,Pride4_Sense3
STOP,Tokenize2,Sense3,1604172836028,igen,Pride4_Sense3
QUEUE,Collect2,Sense3,1604172836031,igen,Pride4_Sense3
START,Collect2,Sense3,1604172836032,igen,Pride4_Sense3
STOP,Collect2,Sense3,1604172836034,igen,Pride4_Sense3
QUEUE,ComputeScalar2,Sense3,1604172836035,igen,Pride4_Sense3
START,ComputeScalar2,Sense3,1604172836036,igen,Pride4_Sense3
STOP,ComputeScalar2,Sense3,1604172836036,igen,Pride4_Sense3
STOP,Tokenize1,Pride4,1604172836165,igen,Pride4_Sense3
START,Collect1,Pride4,1604172836166,igen,Pride4_Sense3
QUEUE,Collect1,Pride4,1604172836166,igen,Pride4_Sense3
STOP,Collect1,Pride4,1604172836265,igen,Pride4_Sense3
QUEUE,ComputeScalar3,Pride4_Sense3,1604172836265,igen,Pride4_Sense3
START,ComputeScalar3,Pride4_Sense3,1604172836265,igen,Pride4_Sense3
START,ComputeScalar1,Pride4,1604172836265,igen,Pride4_Sense3
QUEUE,ComputeScalar1,Pride4,1604172836272,igen,Pride4_Sense3
STOP,ComputeScalar3,Pride4_Sense3,1604172836272,igen,Pride4_Sense3
STOP,ComputeScalar1,Pride4,1604172836277,igen,Pride4_Sense3
QUEUE,ComputeCosine,Pride4_Sense3,1604172836277,igen,Pride4_Sense3
START,ComputeCosine,Pride4_Sense3,1604172836277,igen,Pride4_Sense3
STOP,ComputeCosine,Pride4_Sense3,1604172836277,igen,Pride4_Sense3
QUEUE,Tokenize1,Pride4,1604172837897,igen,Pride4_Sense4
QUEUE,Tokenize2,Sense4,1604172837902,igen,Pride4_Sense4
START,Tokenize1,Pride4,1604172837902,igen,Pride4_Sense4
START,Tokenize2,Sense4,1604172837902,igen,Pride4_Sense4
STOP,Tokenize2,Sense4,1604172837902,igen,Pride4_Sense4
QUEUE,Collect2,Sense4,1604172837907,igen,Pride4_Sense4
START,Collect2,Sense4,1604172837907,igen,Pride4_Sense4
STOP,Collect2,Sense4,1604172837907,igen,Pride4_Sense4
QUEUE,ComputeScalar2,Sense4,1604172837907,igen,Pride4_Sense4
START,ComputeScalar2,Sense4,1604172837907,igen,Pride4_Sense4
STOP,ComputeScalar2,Sense4,1604172837907,igen,Pride4_Sense4
STOP,Tokenize1,Pride4,1604172838031,igen,Pride4_Sense4
START,Collect1,Pride4,1604172838031,igen,Pride4_Sense4
QUEUE,Collect1,Pride4,1604172838031,igen,Pride4_Sense4
STOP,Collect1,Pride4,1604172838125,igen,Pride4_Sense4
QUEUE,ComputeScalar3,Pride4_Sense4,1604172838125,igen,Pride4_Sense4
START,ComputeScalar3,Pride4_Sense4,1604172838125,igen,Pride4_Sense4
START,ComputeScalar1,Pride4,1604172838126,igen,Pride4_Sense4
QUEUE,ComputeScalar1,Pride4,1604172838127,igen,Pride4_Sense4
STOP,ComputeScalar3,Pride4_Sense4,1604172838134,igen,Pride4_Sense4
STOP,ComputeScalar1,Pride4,1604172838140,igen,Pride4_Sense4
QUEUE,ComputeCosine,Pride4_Sense4,1604172838140,igen,Pride4_Sense4
START,ComputeCosine,Pride4_Sense4,1604172838140,igen,Pride4_Sense4
STOP,ComputeCosine,Pride4_Sense4,1604172838140,igen,Pride4_Sense4
QUEUE,Tokenize1,Pride4,1604172839751,igen,Pride4_Sense5
QUEUE,Tokenize2,Sense5,1604172839756,igen,Pride4_Sense5
START,Tokenize1,Pride4,1604172839756,igen,Pride4_Sense5
START,Tokenize2,Sense5,1604172839756,igen,Pride4_Sense5
STOP,Tokenize2,Sense5,1604172839756,igen,Pride4_Sense5
QUEUE,Collect2,Sense5,1604172839756,igen,Pride4_Sense5
START,Collect2,Sense5,1604172839762,igen,Pride4_Sense5
STOP,Collect2,Sense5,1604172839762,igen,Pride4_Sense5
QUEUE,ComputeScalar2,Sense5,1604172839767,igen,Pride4_Sense5
START,ComputeScalar2,Sense5,1604172839767,igen,Pride4_Sense5
STOP,ComputeScalar2,Sense5,1604172839767,igen,Pride4_Sense5
STOP,Tokenize1,Pride4,1604172839872,igen,Pride4_Sense5
START,Collect1,Pride4,1604172839872,igen,Pride4_Sense5
QUEUE,Collect1,Pride4,1604172839881,igen,Pride4_Sense5
STOP,Collect1,Pride4,1604172839972,igen,Pride4_Sense5
QUEUE,ComputeScalar3,Pride4_Sense5,1604172839972,igen,Pride4_Sense5
START,ComputeScalar3,Pride4_Sense5,1604172839972,igen,Pride4_Sense5
START,ComputeScalar1,Pride4,1604172839972,igen,Pride4_Sense5
STOP,ComputeScalar3,Pride4_Sense5,1604172839982,igen,Pride4_Sense5
QUEUE,ComputeScalar1,Pride4,1604172839982,igen,Pride4_Sense5
STOP,ComputeScalar1,Pride4,1604172839988,igen,Pride4_Sense5
QUEUE,ComputeCosine,Pride4_Sense5,1604172839989,igen,Pride4_Sense5
START,ComputeCosine,Pride4_Sense5,1604172839989,igen,Pride4_Sense5
STOP,ComputeCosine,Pride4_Sense5,1604172839989,igen,Pride4_Sense5
QUEUE,Tokenize1,Pride4,1604172841562,igen,Pride4_Sense6
QUEUE,Tokenize2,Sense6,1604172841562,igen,Pride4_Sense6
START,Tokenize2,Sense6,1604172841562,igen,Pride4_Sense6
START,Tokenize1,Pride4,1604172841562,igen,Pride4_Sense6
STOP,Tokenize2,Sense6,1604172841562,igen,Pride4_Sense6
QUEUE,Collect2,Sense6,1604172841562,igen,Pride4_Sense6
START,Collect2,Sense6,1604172841562,igen,Pride4_Sense6
STOP,Collect2,Sense6,1604172841572,igen,Pride4_Sense6
QUEUE,ComputeScalar2,Sense6,1604172841572,igen,Pride4_Sense6
START,ComputeScalar2,Sense6,1604172841572,igen,Pride4_Sense6
STOP,ComputeScalar2,Sense6,1604172841572,igen,Pride4_Sense6
STOP,Tokenize1,Pride4,1604172841711,igen,Pride4_Sense6
START,Collect1,Pride4,1604172841711,igen,Pride4_Sense6
QUEUE,Collect1,Pride4,1604172841711,igen,Pride4_Sense6
STOP,Collect1,Pride4,1604172841807,igen,Pride4_Sense6
QUEUE,ComputeScalar3,Pride4_Sense6,1604172841807,igen,Pride4_Sense6
START,ComputeScalar3,Pride4_Sense6,1604172841807,igen,Pride4_Sense6
START,ComputeScalar1,Pride4,1604172841811,igen,Pride4_Sense6
QUEUE,ComputeScalar1,Pride4,1604172841811,igen,Pride4_Sense6
STOP,ComputeScalar3,Pride4_Sense6,1604172841817,igen,Pride4_Sense6
STOP,ComputeScalar1,Pride4,1604172841825,igen,Pride4_Sense6
QUEUE,ComputeCosine,Pride4_Sense6,1604172841825,igen,Pride4_Sense6
START,ComputeCosine,Pride4_Sense6,1604172841825,igen,Pride4_Sense6
STOP,ComputeCosine,Pride4_Sense6,1604172841825,igen,Pride4_Sense6
QUEUE,Tokenize1,Pride5,1604172843436,igen,Pride5_Sense1
QUEUE,Tokenize2,Sense1,1604172843436,igen,Pride5_Sense1
START,Tokenize1,Pride5,1604172843441,igen,Pride5_Sense1
START,Tokenize2,Sense1,1604172843441,igen,Pride5_Sense1
STOP,Tokenize2,Sense1,1604172843441,igen,Pride5_Sense1
QUEUE,Collect2,Sense1,1604172843441,igen,Pride5_Sense1
START,Collect2,Sense1,1604172843441,igen,Pride5_Sense1
STOP,Collect2,Sense1,1604172843446,igen,Pride5_Sense1
QUEUE,ComputeScalar2,Sense1,1604172843446,igen,Pride5_Sense1
START,ComputeScalar2,Sense1,1604172843446,igen,Pride5_Sense1
STOP,ComputeScalar2,Sense1,1604172843446,igen,Pride5_Sense1
STOP,Tokenize1,Pride5,1604172843591,igen,Pride5_Sense1
START,Collect1,Pride5,1604172843591,igen,Pride5_Sense1
QUEUE,Collect1,Pride5,1604172843591,igen,Pride5_Sense1
STOP,Collect1,Pride5,1604172843756,igen,Pride5_Sense1
QUEUE,ComputeScalar3,Pride5_Sense1,1604172843756,igen,Pride5_Sense1
START,ComputeScalar3,Pride5_Sense1,1604172843756,igen,Pride5_Sense1
QUEUE,ComputeScalar1,Pride5,1604172843756,igen,Pride5_Sense1
START,ComputeScalar1,Pride5,1604172843756,igen,Pride5_Sense1
STOP,ComputeScalar3,Pride5_Sense1,1604172843766,igen,Pride5_Sense1
STOP,ComputeScalar1,Pride5,1604172843771,igen,Pride5_Sense1
QUEUE,ComputeCosine,Pride5_Sense1,1604172843771,igen,Pride5_Sense1
START,ComputeCosine,Pride5_Sense1,1604172843771,igen,Pride5_Sense1
STOP,ComputeCosine,Pride5_Sense1,1604172843771,igen,Pride5_Sense1
QUEUE,Tokenize1,Pride5,1604172845352,igen,Pride5_Sense2
QUEUE,Tokenize2,Sense2,1604172845362,igen,Pride5_Sense2
START,Tokenize1,Pride5,1604172845362,igen,Pride5_Sense2
START,Tokenize2,Sense2,1604172845362,igen,Pride5_Sense2
STOP,Tokenize2,Sense2,1604172845367,igen,Pride5_Sense2
START,Collect2,Sense2,1604172845367,igen,Pride5_Sense2
QUEUE,Collect2,Sense2,1604172845367,igen,Pride5_Sense2
STOP,Collect2,Sense2,1604172845367,igen,Pride5_Sense2
QUEUE,ComputeScalar2,Sense2,1604172845367,igen,Pride5_Sense2
START,ComputeScalar2,Sense2,1604172845367,igen,Pride5_Sense2
STOP,ComputeScalar2,Sense2,1604172845367,igen,Pride5_Sense2
STOP,Tokenize1,Pride5,1604172845527,igen,Pride5_Sense2
QUEUE,Collect1,Pride5,1604172845527,igen,Pride5_Sense2
START,Collect1,Pride5,1604172845527,igen,Pride5_Sense2
STOP,Collect1,Pride5,1604172845692,igen,Pride5_Sense2
QUEUE,ComputeScalar3,Pride5_Sense2,1604172845692,igen,Pride5_Sense2
START,ComputeScalar3,Pride5_Sense2,1604172845692,igen,Pride5_Sense2
START,ComputeScalar1,Pride5,1604172845692,igen,Pride5_Sense2
QUEUE,ComputeScalar1,Pride5,1604172845706,igen,Pride5_Sense2
STOP,ComputeScalar3,Pride5_Sense2,1604172845711,igen,Pride5_Sense2
STOP,ComputeScalar1,Pride5,1604172845711,igen,Pride5_Sense2
QUEUE,ComputeCosine,Pride5_Sense2,1604172845711,igen,Pride5_Sense2
START,ComputeCosine,Pride5_Sense2,1604172845711,igen,Pride5_Sense2
STOP,ComputeCosine,Pride5_Sense2,1604172845711,igen,Pride5_Sense2
QUEUE,Tokenize1,Pride5,1604172848109,igen,Pride5_Sense3
QUEUE,Tokenize2,Sense3,1604172848110,igen,Pride5_Sense3
START,Tokenize1,Pride5,1604172848110,igen,Pride5_Sense3
START,Tokenize2,Sense3,1604172848116,igen,Pride5_Sense3
STOP,Tokenize2,Sense3,1604172848117,igen,Pride5_Sense3
QUEUE,Collect2,Sense3,1604172848117,igen,Pride5_Sense3
START,Collect2,Sense3,1604172848125,igen,Pride5_Sense3
STOP,Collect2,Sense3,1604172848130,igen,Pride5_Sense3
QUEUE,ComputeScalar2,Sense3,1604172848157,igen,Pride5_Sense3
START,ComputeScalar2,Sense3,1604172848164,igen,Pride5_Sense3
STOP,ComputeScalar2,Sense3,1604172848166,igen,Pride5_Sense3
STOP,Tokenize1,Pride5,1604172848438,igen,Pride5_Sense3
QUEUE,Collect1,Pride5,1604172848439,igen,Pride5_Sense3
START,Collect1,Pride5,1604172848439,igen,Pride5_Sense3
STOP,Collect1,Pride5,1604172848669,igen,Pride5_Sense3
QUEUE,ComputeScalar3,Pride5_Sense3,1604172848669,igen,Pride5_Sense3
START,ComputeScalar3,Pride5_Sense3,1604172848669,igen,Pride5_Sense3
START,ComputeScalar1,Pride5,1604172848670,igen,Pride5_Sense3
STOP,ComputeScalar3,Pride5_Sense3,1604172848684,igen,Pride5_Sense3
QUEUE,ComputeScalar1,Pride5,1604172848686,igen,Pride5_Sense3
STOP,ComputeScalar1,Pride5,1604172848710,igen,Pride5_Sense3
QUEUE,ComputeCosine,Pride5_Sense3,1604172848711,igen,Pride5_Sense3
START,ComputeCosine,Pride5_Sense3,1604172848711,igen,Pride5_Sense3
STOP,ComputeCosine,Pride5_Sense3,1604172848711,igen,Pride5_Sense3
QUEUE,Tokenize1,Pride5,1604172851671,igen,Pride5_Sense4
QUEUE,Tokenize2,Sense4,1604172851671,igen,Pride5_Sense4
START,Tokenize1,Pride5,1604172851671,igen,Pride5_Sense4
START,Tokenize2,Sense4,1604172851671,igen,Pride5_Sense4
STOP,Tokenize2,Sense4,1604172851671,igen,Pride5_Sense4
QUEUE,Collect2,Sense4,1604172851671,igen,Pride5_Sense4
START,Collect2,Sense4,1604172851671,igen,Pride5_Sense4
STOP,Collect2,Sense4,1604172851671,igen,Pride5_Sense4
QUEUE,ComputeScalar2,Sense4,1604172851681,igen,Pride5_Sense4
START,ComputeScalar2,Sense4,1604172851681,igen,Pride5_Sense4
STOP,ComputeScalar2,Sense4,1604172851681,igen,Pride5_Sense4
STOP,Tokenize1,Pride5,1604172851841,igen,Pride5_Sense4
QUEUE,Collect1,Pride5,1604172851841,igen,Pride5_Sense4
START,Collect1,Pride5,1604172851841,igen,Pride5_Sense4
STOP,Collect1,Pride5,1604172852037,igen,Pride5_Sense4
QUEUE,ComputeScalar3,Pride5_Sense4,1604172852037,igen,Pride5_Sense4
START,ComputeScalar3,Pride5_Sense4,1604172852037,igen,Pride5_Sense4
QUEUE,ComputeScalar1,Pride5,1604172852037,igen,Pride5_Sense4
START,ComputeScalar1,Pride5,1604172852037,igen,Pride5_Sense4
STOP,ComputeScalar3,Pride5_Sense4,1604172852050,igen,Pride5_Sense4
STOP,ComputeScalar1,Pride5,1604172852056,igen,Pride5_Sense4
QUEUE,ComputeCosine,Pride5_Sense4,1604172852056,igen,Pride5_Sense4
START,ComputeCosine,Pride5_Sense4,1604172852056,igen,Pride5_Sense4
STOP,ComputeCosine,Pride5_Sense4,1604172852057,igen,Pride5_Sense4
QUEUE,Tokenize1,Pride5,1604172853881,igen,Pride5_Sense5
QUEUE,Tokenize2,Sense5,1604172853883,igen,Pride5_Sense5
START,Tokenize1,Pride5,1604172853885,igen,Pride5_Sense5
START,Tokenize2,Sense5,1604172853886,igen,Pride5_Sense5
STOP,Tokenize2,Sense5,1604172853886,igen,Pride5_Sense5
QUEUE,Collect2,Sense5,1604172853892,igen,Pride5_Sense5
START,Collect2,Sense5,1604172853904,igen,Pride5_Sense5
STOP,Collect2,Sense5,1604172853909,igen,Pride5_Sense5
QUEUE,ComputeScalar2,Sense5,1604172853912,igen,Pride5_Sense5
START,ComputeScalar2,Sense5,1604172853915,igen,Pride5_Sense5
STOP,ComputeScalar2,Sense5,1604172853915,igen,Pride5_Sense5
STOP,Tokenize1,Pride5,1604172854243,igen,Pride5_Sense5
QUEUE,Collect1,Pride5,1604172854244,igen,Pride5_Sense5
START,Collect1,Pride5,1604172854244,igen,Pride5_Sense5
STOP,Collect1,Pride5,1604172854505,igen,Pride5_Sense5
QUEUE,ComputeScalar3,Pride5_Sense5,1604172854505,igen,Pride5_Sense5
START,ComputeScalar3,Pride5_Sense5,1604172854506,igen,Pride5_Sense5
START,ComputeScalar1,Pride5,1604172854506,igen,Pride5_Sense5
QUEUE,ComputeScalar1,Pride5,1604172854512,igen,Pride5_Sense5
STOP,ComputeScalar3,Pride5_Sense5,1604172854522,igen,Pride5_Sense5
STOP,ComputeScalar1,Pride5,1604172854534,igen,Pride5_Sense5
QUEUE,ComputeCosine,Pride5_Sense5,1604172854534,igen,Pride5_Sense5
START,ComputeCosine,Pride5_Sense5,1604172854534,igen,Pride5_Sense5
STOP,ComputeCosine,Pride5_Sense5,1604172854535,igen,Pride5_Sense5
QUEUE,Tokenize1,Pride5,1604172856781,igen,Pride5_Sense6
QUEUE,Tokenize2,Sense6,1604172856781,igen,Pride5_Sense6
START,Tokenize1,Pride5,1604172856781,igen,Pride5_Sense6
START,Tokenize2,Sense6,1604172856781,igen,Pride5_Sense6
STOP,Tokenize2,Sense6,1604172856781,igen,Pride5_Sense6
START,Collect2,Sense6,1604172856791,igen,Pride5_Sense6
STOP,Collect2,Sense6,1604172856796,igen,Pride5_Sense6
QUEUE,ComputeScalar2,Sense6,1604172856798,igen,Pride5_Sense6
START,ComputeScalar2,Sense6,1604172856799,igen,Pride5_Sense6
STOP,ComputeScalar2,Sense6,1604172856799,igen,Pride5_Sense6
QUEUE,Collect2,Sense6,1604172856840,igen,Pride5_Sense6
STOP,Tokenize1,Pride5,1604172857076,igen,Pride5_Sense6
QUEUE,Collect1,Pride5,1604172857076,igen,Pride5_Sense6
START,Collect1,Pride5,1604172857077,igen,Pride5_Sense6
STOP,Collect1,Pride5,1604172857401,igen,Pride5_Sense6
QUEUE,ComputeScalar3,Pride5_Sense6,1604172857402,igen,Pride5_Sense6
START,ComputeScalar3,Pride5_Sense6,1604172857402,igen,Pride5_Sense6
START,ComputeScalar1,Pride5,1604172857403,igen,Pride5_Sense6
QUEUE,ComputeScalar1,Pride5,1604172857418,igen,Pride5_Sense6
STOP,ComputeScalar3,Pride5_Sense6,1604172857420,igen,Pride5_Sense6
STOP,ComputeScalar1,Pride5,1604172857438,igen,Pride5_Sense6
QUEUE,ComputeCosine,Pride5_Sense6,1604172857438,igen,Pride5_Sense6
START,ComputeCosine,Pride5_Sense6,1604172857439,igen,Pride5_Sense6
STOP,ComputeCosine,Pride5_Sense6,1604172857439,igen,Pride5_Sense6
QUEUE,Tokenize1,Pride6,1604172860208,igen,Pride6_Sense1
QUEUE,Tokenize2,Sense1,1604172860208,igen,Pride6_Sense1
START,Tokenize2,Sense1,1604172860209,igen,Pride6_Sense1
START,Tokenize1,Pride6,1604172860209,igen,Pride6_Sense1
STOP,Tokenize2,Sense1,1604172860210,igen,Pride6_Sense1
QUEUE,Collect2,Sense1,1604172860212,igen,Pride6_Sense1
START,Collect2,Sense1,1604172860214,igen,Pride6_Sense1
STOP,Collect2,Sense1,1604172860215,igen,Pride6_Sense1
QUEUE,ComputeScalar2,Sense1,1604172860216,igen,Pride6_Sense1
START,ComputeScalar2,Sense1,1604172860217,igen,Pride6_Sense1
STOP,ComputeScalar2,Sense1,1604172860217,igen,Pride6_Sense1
STOP,Tokenize1,Pride6,1604172860452,igen,Pride6_Sense1
QUEUE,Collect1,Pride6,1604172860457,igen,Pride6_Sense1
START,Collect1,Pride6,1604172860457,igen,Pride6_Sense1
STOP,Collect1,Pride6,1604172860693,igen,Pride6_Sense1
QUEUE,ComputeScalar3,Pride6_Sense1,1604172860693,igen,Pride6_Sense1
START,ComputeScalar3,Pride6_Sense1,1604172860693,igen,Pride6_Sense1
QUEUE,ComputeScalar1,Pride6,1604172860693,igen,Pride6_Sense1
START,ComputeScalar1,Pride6,1604172860694,igen,Pride6_Sense1
STOP,ComputeScalar3,Pride6_Sense1,1604172860714,igen,Pride6_Sense1
STOP,ComputeScalar1,Pride6,1604172860719,igen,Pride6_Sense1
QUEUE,ComputeCosine,Pride6_Sense1,1604172860720,igen,Pride6_Sense1
START,ComputeCosine,Pride6_Sense1,1604172860720,igen,Pride6_Sense1
STOP,ComputeCosine,Pride6_Sense1,1604172860720,igen,Pride6_Sense1
QUEUE,Tokenize1,Pride6,1604172862481,igen,Pride6_Sense2
QUEUE,Tokenize2,Sense2,1604172862481,igen,Pride6_Sense2
START,Tokenize1,Pride6,1604172862481,igen,Pride6_Sense2
START,Tokenize2,Sense2,1604172862481,igen,Pride6_Sense2
STOP,Tokenize2,Sense2,1604172862481,igen,Pride6_Sense2
QUEUE,Collect2,Sense2,1604172862481,igen,Pride6_Sense2
START,Collect2,Sense2,1604172862481,igen,Pride6_Sense2
STOP,Collect2,Sense2,1604172862481,igen,Pride6_Sense2
QUEUE,ComputeScalar2,Sense2,1604172862481,igen,Pride6_Sense2
START,ComputeScalar2,Sense2,1604172862492,igen,Pride6_Sense2
STOP,ComputeScalar2,Sense2,1604172862492,igen,Pride6_Sense2
STOP,Tokenize1,Pride6,1604172862732,igen,Pride6_Sense2
QUEUE,Collect1,Pride6,1604172862732,igen,Pride6_Sense2
START,Collect1,Pride6,1604172862732,igen,Pride6_Sense2
STOP,Collect1,Pride6,1604172862999,igen,Pride6_Sense2
QUEUE,ComputeScalar3,Pride6_Sense2,1604172862999,igen,Pride6_Sense2
START,ComputeScalar3,Pride6_Sense2,1604172862999,igen,Pride6_Sense2
QUEUE,ComputeScalar1,Pride6,1604172862999,igen,Pride6_Sense2
START,ComputeScalar1,Pride6,1604172862999,igen,Pride6_Sense2
STOP,ComputeScalar3,Pride6_Sense2,1604172863017,igen,Pride6_Sense2
STOP,ComputeScalar1,Pride6,1604172863023,igen,Pride6_Sense2
QUEUE,ComputeCosine,Pride6_Sense2,1604172863024,igen,Pride6_Sense2
START,ComputeCosine,Pride6_Sense2,1604172863024,igen,Pride6_Sense2
STOP,ComputeCosine,Pride6_Sense2,1604172863024,igen,Pride6_Sense2
QUEUE,Tokenize1,Pride6,1604172864751,igen,Pride6_Sense3
QUEUE,Tokenize2,Sense3,1604172864751,igen,Pride6_Sense3
START,Tokenize1,Pride6,1604172864751,igen,Pride6_Sense3
START,Tokenize2,Sense3,1604172864751,igen,Pride6_Sense3
STOP,Tokenize2,Sense3,1604172864751,igen,Pride6_Sense3
QUEUE,Collect2,Sense3,1604172864751,igen,Pride6_Sense3
START,Collect2,Sense3,1604172864762,igen,Pride6_Sense3
STOP,Collect2,Sense3,1604172864767,igen,Pride6_Sense3
QUEUE,ComputeScalar2,Sense3,1604172864767,igen,Pride6_Sense3
START,ComputeScalar2,Sense3,1604172864767,igen,Pride6_Sense3
STOP,ComputeScalar2,Sense3,1604172864767,igen,Pride6_Sense3
STOP,Tokenize1,Pride6,1604172865027,igen,Pride6_Sense3
QUEUE,Collect1,Pride6,1604172865027,igen,Pride6_Sense3
START,Collect1,Pride6,1604172865028,igen,Pride6_Sense3
STOP,Collect1,Pride6,1604172865310,igen,Pride6_Sense3
START,ComputeScalar3,Pride6_Sense3,1604172865310,igen,Pride6_Sense3
QUEUE,ComputeScalar3,Pride6_Sense3,1604172865320,igen,Pride6_Sense3
START,ComputeScalar1,Pride6,1604172865323,igen,Pride6_Sense3
QUEUE,ComputeScalar1,Pride6,1604172865327,igen,Pride6_Sense3
STOP,ComputeScalar3,Pride6_Sense3,1604172865338,igen,Pride6_Sense3
STOP,ComputeScalar1,Pride6,1604172865350,igen,Pride6_Sense3
QUEUE,ComputeCosine,Pride6_Sense3,1604172865350,igen,Pride6_Sense3
START,ComputeCosine,Pride6_Sense3,1604172865350,igen,Pride6_Sense3
STOP,ComputeCosine,Pride6_Sense3,1604172865350,igen,Pride6_Sense3
QUEUE,Tokenize1,Pride6,1604172867132,igen,Pride6_Sense4
QUEUE,Tokenize2,Sense4,1604172867132,igen,Pride6_Sense4
START,Tokenize1,Pride6,1604172867132,igen,Pride6_Sense4
START,Tokenize2,Sense4,1604172867132,igen,Pride6_Sense4
STOP,Tokenize2,Sense4,1604172867132,igen,Pride6_Sense4
QUEUE,Collect2,Sense4,1604172867132,igen,Pride6_Sense4
START,Collect2,Sense4,1604172867132,igen,Pride6_Sense4
STOP,Collect2,Sense4,1604172867141,igen,Pride6_Sense4
QUEUE,ComputeScalar2,Sense4,1604172867141,igen,Pride6_Sense4
START,ComputeScalar2,Sense4,1604172867141,igen,Pride6_Sense4
STOP,ComputeScalar2,Sense4,1604172867141,igen,Pride6_Sense4
STOP,Tokenize1,Pride6,1604172867387,igen,Pride6_Sense4
QUEUE,Collect1,Pride6,1604172867387,igen,Pride6_Sense4
START,Collect1,Pride6,1604172867387,igen,Pride6_Sense4
STOP,Collect1,Pride6,1604172867622,igen,Pride6_Sense4
QUEUE,ComputeScalar3,Pride6_Sense4,1604172867622,igen,Pride6_Sense4
START,ComputeScalar3,Pride6_Sense4,1604172867622,igen,Pride6_Sense4
START,ComputeScalar1,Pride6,1604172867622,igen,Pride6_Sense4
QUEUE,ComputeScalar1,Pride6,1604172867632,igen,Pride6_Sense4
STOP,ComputeScalar3,Pride6_Sense4,1604172867637,igen,Pride6_Sense4
STOP,ComputeScalar1,Pride6,1604172867642,igen,Pride6_Sense4
QUEUE,ComputeCosine,Pride6_Sense4,1604172867642,igen,Pride6_Sense4
START,ComputeCosine,Pride6_Sense4,1604172867642,igen,Pride6_Sense4
STOP,ComputeCosine,Pride6_Sense4,1604172867642,igen,Pride6_Sense4
QUEUE,Tokenize1,Pride6,1604172869312,igen,Pride6_Sense5
QUEUE,Tokenize2,Sense5,1604172869321,igen,Pride6_Sense5
START,Tokenize1,Pride6,1604172869321,igen,Pride6_Sense5
START,Tokenize2,Sense5,1604172869321,igen,Pride6_Sense5
STOP,Tokenize2,Sense5,1604172869321,igen,Pride6_Sense5
QUEUE,Collect2,Sense5,1604172869321,igen,Pride6_Sense5
START,Collect2,Sense5,1604172869326,igen,Pride6_Sense5
STOP,Collect2,Sense5,1604172869326,igen,Pride6_Sense5
QUEUE,ComputeScalar2,Sense5,1604172869326,igen,Pride6_Sense5
START,ComputeScalar2,Sense5,1604172869331,igen,Pride6_Sense5
STOP,ComputeScalar2,Sense5,1604172869331,igen,Pride6_Sense5
STOP,Tokenize1,Pride6,1604172869584,igen,Pride6_Sense5
QUEUE,Collect1,Pride6,1604172869584,igen,Pride6_Sense5
START,Collect1,Pride6,1604172869584,igen,Pride6_Sense5
STOP,Collect1,Pride6,1604172869871,igen,Pride6_Sense5
QUEUE,ComputeScalar3,Pride6_Sense5,1604172869871,igen,Pride6_Sense5
START,ComputeScalar3,Pride6_Sense5,1604172869871,igen,Pride6_Sense5
START,ComputeScalar1,Pride6,1604172869871,igen,Pride6_Sense5
QUEUE,ComputeScalar1,Pride6,1604172869871,igen,Pride6_Sense5
STOP,ComputeScalar3,Pride6_Sense5,1604172869892,igen,Pride6_Sense5
STOP,ComputeScalar1,Pride6,1604172869907,igen,Pride6_Sense5
QUEUE,ComputeCosine,Pride6_Sense5,1604172869907,igen,Pride6_Sense5
START,ComputeCosine,Pride6_Sense5,1604172869907,igen,Pride6_Sense5
STOP,ComputeCosine,Pride6_Sense5,1604172869907,igen,Pride6_Sense5
QUEUE,Tokenize1,Pride6,1604172871601,igen,Pride6_Sense6
QUEUE,Tokenize2,Sense6,1604172871601,igen,Pride6_Sense6
START,Tokenize2,Sense6,1604172871612,igen,Pride6_Sense6
START,Tokenize1,Pride6,1604172871612,igen,Pride6_Sense6
STOP,Tokenize2,Sense6,1604172871612,igen,Pride6_Sense6
START,Collect2,Sense6,1604172871612,igen,Pride6_Sense6
STOP,Collect2,Sense6,1604172871617,igen,Pride6_Sense6
QUEUE,Collect2,Sense6,1604172871617,igen,Pride6_Sense6
QUEUE,ComputeScalar2,Sense6,1604172871619,igen,Pride6_Sense6
START,ComputeScalar2,Sense6,1604172871619,igen,Pride6_Sense6
STOP,ComputeScalar2,Sense6,1604172871619,igen,Pride6_Sense6
STOP,Tokenize1,Pride6,1604172871862,igen,Pride6_Sense6
START,Collect1,Pride6,1604172871862,igen,Pride6_Sense6
QUEUE,Collect1,Pride6,1604172871862,igen,Pride6_Sense6
STOP,Collect1,Pride6,1604172872099,igen,Pride6_Sense6
QUEUE,ComputeScalar3,Pride6_Sense6,1604172872099,igen,Pride6_Sense6
QUEUE,ComputeScalar1,Pride6,1604172872099,igen,Pride6_Sense6
START,ComputeScalar3,Pride6_Sense6,1604172872099,igen,Pride6_Sense6
START,ComputeScalar1,Pride6,1604172872099,igen,Pride6_Sense6
STOP,ComputeScalar3,Pride6_Sense6,1604172872117,igen,Pride6_Sense6
STOP,ComputeScalar1,Pride6,1604172872123,igen,Pride6_Sense6
QUEUE,ComputeCosine,Pride6_Sense6,1604172872123,igen,Pride6_Sense6
START,ComputeCosine,Pride6_Sense6,1604172872123,igen,Pride6_Sense6
STOP,ComputeCosine,Pride6_Sense6,1604172872124,igen,Pride6_Sense6