type,name,input_id,time,team,meas_id
QUEUE,Tokenize2,Sense1,16337047491000,jolesz,Pride1_Sense1
QUEUE,Tokenize1,Pride1,16337047490300,jolesz,Pride1_Sense1
START,Tokenize2,Sense1,16337047868800,jolesz,Pride1_Sense1
START,Tokenize1,Pride1,16337047868800,jolesz,Pride1_Sense1
STOP,Tokenize2,Sense1,16337083746700,jolesz,Pride1_Sense1
QUEUE,Collect2,Sense1,16337083786400,jolesz,Pride1_Sense1
START,Collect2,Sense1,16337084044800,jolesz,Pride1_Sense1
QUEUE,Collect1,Pride1,16337084073200,jolesz,Pride1_Sense1
STOP,Tokenize1,Pride1,16337084060800,jolesz,Pride1_Sense1
START,Collect1,Pride1,16337084266800,jolesz,Pride1_Sense1
STOP,Collect2,Sense1,16337198799500,jolesz,Pride1_Sense1
QUEUE,ComputeScalar2,Sense1,16337198818500,jolesz,Pride1_Sense1
START,ComputeScalar2,Sense1,16337199128500,jolesz,Pride1_Sense1
STOP,Collect1,Pride1,16337200274100,jolesz,Pride1_Sense1
QUEUE,ComputeScalar1,Pride1,16337200283000,jolesz,Pride1_Sense1
QUEUE,ComputeScalar3,Pride1_Sense1,16337200320700,jolesz,Pride1_Sense1
START,ComputeScalar1,Pride1,16337200542300,jolesz,Pride1_Sense1
START,ComputeScalar3,Pride1_Sense1,16337200649700,jolesz,Pride1_Sense1
STOP,ComputeScalar2,Sense1,16337218142100,jolesz,Pride1_Sense1
STOP,ComputeScalar1,Pride1,16337219734500,jolesz,Pride1_Sense1
STOP,ComputeScalar3,Pride1_Sense1,16337220057600,jolesz,Pride1_Sense1
QUEUE,ComputeCosine,Pride1_Sense1,16337220083800,jolesz,Pride1_Sense1
START,ComputeCosine,Pride1_Sense1,16337220360300,jolesz,Pride1_Sense1
STOP,ComputeCosine,Pride1_Sense1,16337220622800,jolesz,Pride1_Sense1
QUEUE,Tokenize1,Pride1,16337223049700,jolesz,Pride1_Sense2
QUEUE,Tokenize2,Sense2,16337223059000,jolesz,Pride1_Sense2
START,Tokenize2,Sense2,16337223413900,jolesz,Pride1_Sense2
START,Tokenize1,Pride1,16337223357100,jolesz,Pride1_Sense2
QUEUE,Collect1,Pride1,16337232112700,jolesz,Pride1_Sense2
STOP,Tokenize1,Pride1,16337232098800,jolesz,Pride1_Sense2
START,Collect1,Pride1,16337232388600,jolesz,Pride1_Sense2
STOP,Tokenize2,Sense2,16337233620200,jolesz,Pride1_Sense2
QUEUE,Collect2,Sense2,16337233634800,jolesz,Pride1_Sense2
START,Collect2,Sense2,16337233866800,jolesz,Pride1_Sense2
STOP,Collect1,Pride1,16337320115100,jolesz,Pride1_Sense2
QUEUE,ComputeScalar1,Pride1,16337320116000,jolesz,Pride1_Sense2
START,ComputeScalar1,Pride1,16337320472700,jolesz,Pride1_Sense2
STOP,ComputeScalar1,Pride1,16337324035200,jolesz,Pride1_Sense2
QUEUE,ComputeScalar3,Pride1_Sense2,16337478650300,jolesz,Pride1_Sense2
STOP,Collect2,Sense2,16337478600300,jolesz,Pride1_Sense2
QUEUE,ComputeScalar2,Sense2,16337478643800,jolesz,Pride1_Sense2
START,ComputeScalar3,Pride1_Sense2,16337479005400,jolesz,Pride1_Sense2
START,ComputeScalar2,Sense2,16337479247800,jolesz,Pride1_Sense2
STOP,ComputeScalar3,Pride1_Sense2,16337487300300,jolesz,Pride1_Sense2
QUEUE,ComputeCosine,Pride1_Sense2,16337488281900,jolesz,Pride1_Sense2
STOP,ComputeScalar2,Sense2,16337488258100,jolesz,Pride1_Sense2
START,ComputeCosine,Pride1_Sense2,16337488480100,jolesz,Pride1_Sense2
STOP,ComputeCosine,Pride1_Sense2,16337488620500,jolesz,Pride1_Sense2
QUEUE,Tokenize2,Sense3,16337488815000,jolesz,Pride1_Sense3
QUEUE,Tokenize1,Pride1,16337488809500,jolesz,Pride1_Sense3
START,Tokenize1,Pride1,16337489122000,jolesz,Pride1_Sense3
START,Tokenize2,Sense3,16337489134000,jolesz,Pride1_Sense3
STOP,Tokenize1,Pride1,16337496934600,jolesz,Pride1_Sense3
QUEUE,Collect1,Pride1,16337496985900,jolesz,Pride1_Sense3
START,Collect1,Pride1,16337497206200,jolesz,Pride1_Sense3
STOP,Tokenize2,Sense3,16337501408200,jolesz,Pride1_Sense3
QUEUE,Collect2,Sense3,16337501463400,jolesz,Pride1_Sense3
START,Collect2,Sense3,16337501711800,jolesz,Pride1_Sense3
STOP,Collect1,Pride1,16337555179900,jolesz,Pride1_Sense3
QUEUE,ComputeScalar1,Pride1,16337555219900,jolesz,Pride1_Sense3
START,ComputeScalar1,Pride1,16337555607800,jolesz,Pride1_Sense3
STOP,ComputeScalar1,Pride1,16337558846500,jolesz,Pride1_Sense3
QUEUE,ComputeScalar3,Pride1_Sense3,16338224974300,jolesz,Pride1_Sense3
QUEUE,ComputeScalar2,Sense3,16338224970400,jolesz,Pride1_Sense3
STOP,Collect2,Sense3,16338224910100,jolesz,Pride1_Sense3
START,ComputeScalar3,Pride1_Sense3,16338225279100,jolesz,Pride1_Sense3
START,ComputeScalar2,Sense3,16338225362500,jolesz,Pride1_Sense3
STOP,ComputeScalar3,Pride1_Sense3,16338233959300,jolesz,Pride1_Sense3
STOP,ComputeScalar2,Sense3,16338238780300,jolesz,Pride1_Sense3
QUEUE,ComputeCosine,Pride1_Sense3,16338238830400,jolesz,Pride1_Sense3
START,ComputeCosine,Pride1_Sense3,16338238997400,jolesz,Pride1_Sense3
STOP,ComputeCosine,Pride1_Sense3,16338239131000,jolesz,Pride1_Sense3
QUEUE,Tokenize1,Pride1,16338239309100,jolesz,Pride1_Sense4
QUEUE,Tokenize2,Sense4,16338239310400,jolesz,Pride1_Sense4
START,Tokenize1,Pride1,16338239422400,jolesz,Pride1_Sense4
START,Tokenize2,Sense4,16338239509600,jolesz,Pride1_Sense4
QUEUE,Collect1,Pride1,16338242791900,jolesz,Pride1_Sense4
STOP,Tokenize1,Pride1,16338242763300,jolesz,Pride1_Sense4
START,Collect1,Pride1,16338242980100,jolesz,Pride1_Sense4
QUEUE,Collect2,Sense4,16338250788600,jolesz,Pride1_Sense4
STOP,Tokenize2,Sense4,16338250746600,jolesz,Pride1_Sense4
START,Collect2,Sense4,16338251022000,jolesz,Pride1_Sense4
STOP,Collect1,Pride1,16338298338700,jolesz,Pride1_Sense4
QUEUE,ComputeScalar1,Pride1,16338298378000,jolesz,Pride1_Sense4
START,ComputeScalar1,Pride1,16338298644500,jolesz,Pride1_Sense4
STOP,ComputeScalar1,Pride1,16338302697800,jolesz,Pride1_Sense4
QUEUE,ComputeScalar3,Pride1_Sense4,16340790532400,jolesz,Pride1_Sense4
STOP,Collect2,Sense4,16340790498300,jolesz,Pride1_Sense4
QUEUE,ComputeScalar2,Sense4,16340790525900,jolesz,Pride1_Sense4
START,ComputeScalar3,Pride1_Sense4,16340790952900,jolesz,Pride1_Sense4
START,ComputeScalar2,Sense4,16340791119500,jolesz,Pride1_Sense4
STOP,ComputeScalar3,Pride1_Sense4,16340809356400,jolesz,Pride1_Sense4
QUEUE,ComputeCosine,Pride1_Sense4,16340815123300,jolesz,Pride1_Sense4
STOP,ComputeScalar2,Sense4,16340815079900,jolesz,Pride1_Sense4
START,ComputeCosine,Pride1_Sense4,16340815321300,jolesz,Pride1_Sense4
STOP,ComputeCosine,Pride1_Sense4,16340815466100,jolesz,Pride1_Sense4
QUEUE,Tokenize2,Sense5,16340815633600,jolesz,Pride1_Sense5
QUEUE,Tokenize1,Pride1,16340815643400,jolesz,Pride1_Sense5
START,Tokenize2,Sense5,16340815777300,jolesz,Pride1_Sense5
START,Tokenize1,Pride1,16340815838200,jolesz,Pride1_Sense5
STOP,Tokenize1,Pride1,16340817061400,jolesz,Pride1_Sense5
QUEUE,Collect1,Pride1,16340817103300,jolesz,Pride1_Sense5
START,Collect1,Pride1,16340817231700,jolesz,Pride1_Sense5
QUEUE,Collect2,Sense5,16340825644600,jolesz,Pride1_Sense5
STOP,Tokenize2,Sense5,16340825599200,jolesz,Pride1_Sense5
START,Collect2,Sense5,16340825868700,jolesz,Pride1_Sense5
QUEUE,ComputeScalar1,Pride1,16340872690300,jolesz,Pride1_Sense5
STOP,Collect1,Pride1,16340872638000,jolesz,Pride1_Sense5
START,ComputeScalar1,Pride1,16340872996300,jolesz,Pride1_Sense5
STOP,ComputeScalar1,Pride1,16340876070300,jolesz,Pride1_Sense5
QUEUE,ComputeScalar2,Sense5,16351323996900,jolesz,Pride1_Sense5
STOP,Collect2,Sense5,16351323962100,jolesz,Pride1_Sense5
QUEUE,ComputeScalar3,Pride1_Sense5,16351324007400,jolesz,Pride1_Sense5
START,ComputeScalar2,Sense5,16351324560400,jolesz,Pride1_Sense5
START,ComputeScalar3,Pride1_Sense5,16351324567900,jolesz,Pride1_Sense5
STOP,ComputeScalar3,Pride1_Sense5,16351357856300,jolesz,Pride1_Sense5
QUEUE,ComputeCosine,Pride1_Sense5,16351373838100,jolesz,Pride1_Sense5
STOP,ComputeScalar2,Sense5,16351373786800,jolesz,Pride1_Sense5
START,ComputeCosine,Pride1_Sense5,16351374086500,jolesz,Pride1_Sense5
STOP,ComputeCosine,Pride1_Sense5,16351374273900,jolesz,Pride1_Sense5
QUEUE,Tokenize2,Sense6,16351374453700,jolesz,Pride1_Sense6
QUEUE,Tokenize1,Pride1,16351374479000,jolesz,Pride1_Sense6
START,Tokenize2,Sense6,16351374614700,jolesz,Pride1_Sense6
START,Tokenize1,Pride1,16351374747000,jolesz,Pride1_Sense6
STOP,Tokenize1,Pride1,16351376343900,jolesz,Pride1_Sense6
QUEUE,Collect1,Pride1,16351376402900,jolesz,Pride1_Sense6
START,Collect1,Pride1,16351376556100,jolesz,Pride1_Sense6
STOP,Tokenize2,Sense6,16351391854700,jolesz,Pride1_Sense6
QUEUE,Collect2,Sense6,16351391900000,jolesz,Pride1_Sense6
START,Collect2,Sense6,16351392225200,jolesz,Pride1_Sense6
STOP,Collect1,Pride1,16351433883400,jolesz,Pride1_Sense6
QUEUE,ComputeScalar1,Pride1,16351433920400,jolesz,Pride1_Sense6
START,ComputeScalar1,Pride1,16351434231200,jolesz,Pride1_Sense6
STOP,ComputeScalar1,Pride1,16351438445900,jolesz,Pride1_Sense6
STOP,Collect2,Sense6,16398958692900,jolesz,Pride1_Sense6
QUEUE,ComputeScalar3,Pride1_Sense6,16398958740099,jolesz,Pride1_Sense6
QUEUE,ComputeScalar2,Sense6,16398958729400,jolesz,Pride1_Sense6
START,ComputeScalar3,Pride1_Sense6,16398959189900,jolesz,Pride1_Sense6
START,ComputeScalar2,Sense6,16398959391400,jolesz,Pride1_Sense6
STOP,ComputeScalar3,Pride1_Sense6,16399008000000,jolesz,Pride1_Sense6
STOP,ComputeScalar2,Sense6,16399053164699,jolesz,Pride1_Sense6
QUEUE,ComputeCosine,Pride1_Sense6,16399053206900,jolesz,Pride1_Sense6
START,ComputeCosine,Pride1_Sense6,16399053521800,jolesz,Pride1_Sense6
STOP,ComputeCosine,Pride1_Sense6,16399053649599,jolesz,Pride1_Sense6
QUEUE,Tokenize1,Pride2,16399053773900,jolesz,Pride2_Sense1
QUEUE,Tokenize2,Sense1,16399053818500,jolesz,Pride2_Sense1
START,Tokenize1,Pride2,16399053897000,jolesz,Pride2_Sense1
START,Tokenize2,Sense1,16399053993099,jolesz,Pride2_Sense1
STOP,Tokenize2,Sense1,16399055353299,jolesz,Pride2_Sense1
QUEUE,Collect2,Sense1,16399055400500,jolesz,Pride2_Sense1
STOP,Tokenize1,Pride2,16399055564600,jolesz,Pride2_Sense1
QUEUE,Collect1,Pride2,16399055576200,jolesz,Pride2_Sense1
START,Collect2,Sense1,16399055603000,jolesz,Pride2_Sense1
START,Collect1,Pride2,16399055868399,jolesz,Pride2_Sense1
STOP,Collect2,Sense1,16399110869200,jolesz,Pride2_Sense1
QUEUE,ComputeScalar2,Sense1,16399110906400,jolesz,Pride2_Sense1
START,ComputeScalar2,Sense1,16399111261600,jolesz,Pride2_Sense1
STOP,ComputeScalar2,Sense1,16399114224600,jolesz,Pride2_Sense1
STOP,Collect1,Pride2,16399256357499,jolesz,Pride2_Sense1
QUEUE,ComputeScalar1,Pride2,16399256408199,jolesz,Pride2_Sense1
QUEUE,ComputeScalar3,Pride2_Sense1,16399256426600,jolesz,Pride2_Sense1
START,ComputeScalar1,Pride2,16399256783300,jolesz,Pride2_Sense1
START,ComputeScalar3,Pride2_Sense1,16399256915000,jolesz,Pride2_Sense1
STOP,ComputeScalar1,Pride2,16399262671600,jolesz,Pride2_Sense1
STOP,ComputeScalar3,Pride2_Sense1,16399263632900,jolesz,Pride2_Sense1
QUEUE,ComputeCosine,Pride2_Sense1,16399263673400,jolesz,Pride2_Sense1
START,ComputeCosine,Pride2_Sense1,16399263878200,jolesz,Pride2_Sense1
STOP,ComputeCosine,Pride2_Sense1,16399264011300,jolesz,Pride2_Sense1
QUEUE,Tokenize1,Pride2,16399264136500,jolesz,Pride2_Sense2
QUEUE,Tokenize2,Sense2,16399264139300,jolesz,Pride2_Sense2
START,Tokenize1,Pride2,16399264255700,jolesz,Pride2_Sense2
START,Tokenize2,Sense2,16399264320100,jolesz,Pride2_Sense2
STOP,Tokenize2,Sense2,16399266076700,jolesz,Pride2_Sense2
QUEUE,Collect2,Sense2,16399266104200,jolesz,Pride2_Sense2
START,Collect2,Sense2,16399266268399,jolesz,Pride2_Sense2
STOP,Tokenize1,Pride2,16399266649199,jolesz,Pride2_Sense2
QUEUE,Collect1,Pride2,16399266691100,jolesz,Pride2_Sense2
START,Collect1,Pride2,16399266874600,jolesz,Pride2_Sense2
STOP,Collect1,Pride2,16399468323599,jolesz,Pride2_Sense2
QUEUE,ComputeScalar1,Pride2,16399468356000,jolesz,Pride2_Sense2
START,ComputeScalar1,Pride2,16399468690599,jolesz,Pride2_Sense2
STOP,Collect2,Sense2,16399469445899,jolesz,Pride2_Sense2
QUEUE,ComputeScalar2,Sense2,16399469482000,jolesz,Pride2_Sense2
QUEUE,ComputeScalar3,Pride2_Sense2,16399469498400,jolesz,Pride2_Sense2
START,ComputeScalar2,Sense2,16399469815100,jolesz,Pride2_Sense2
START,ComputeScalar3,Pride2_Sense2,16399469892900,jolesz,Pride2_Sense2
STOP,ComputeScalar1,Pride2,16399476475399,jolesz,Pride2_Sense2
STOP,ComputeScalar2,Sense2,16399477453700,jolesz,Pride2_Sense2
STOP,ComputeScalar3,Pride2_Sense2,16399478055600,jolesz,Pride2_Sense2
QUEUE,ComputeCosine,Pride2_Sense2,16399478085399,jolesz,Pride2_Sense2
START,ComputeCosine,Pride2_Sense2,16399478329800,jolesz,Pride2_Sense2
STOP,ComputeCosine,Pride2_Sense2,16399478450899,jolesz,Pride2_Sense2
QUEUE,Tokenize1,Pride2,16399478576200,jolesz,Pride2_Sense3
QUEUE,Tokenize2,Sense3,16399478580700,jolesz,Pride2_Sense3
START,Tokenize1,Pride2,16399478682100,jolesz,Pride2_Sense3
START,Tokenize2,Sense3,16399478737800,jolesz,Pride2_Sense3
STOP,Tokenize1,Pride2,16399480223700,jolesz,Pride2_Sense3
QUEUE,Collect1,Pride2,16399480263000,jolesz,Pride2_Sense3
START,Collect1,Pride2,16399480515700,jolesz,Pride2_Sense3
STOP,Tokenize2,Sense3,16399481430299,jolesz,Pride2_Sense3
QUEUE,Collect2,Sense3,16399481442000,jolesz,Pride2_Sense3
START,Collect2,Sense3,16399481609999,jolesz,Pride2_Sense3
QUEUE,ComputeScalar1,Pride2,16399679437200,jolesz,Pride2_Sense3
STOP,Collect1,Pride2,16399679399600,jolesz,Pride2_Sense3
START,ComputeScalar1,Pride2,16399679715100,jolesz,Pride2_Sense3
STOP,ComputeScalar1,Pride2,16399686195499,jolesz,Pride2_Sense3
QUEUE,ComputeScalar3,Pride2_Sense3,16400185392000,jolesz,Pride2_Sense3
QUEUE,ComputeScalar2,Sense3,16400185382100,jolesz,Pride2_Sense3
STOP,Collect2,Sense3,16400185345900,jolesz,Pride2_Sense3
START,ComputeScalar3,Pride2_Sense3,16400185783300,jolesz,Pride2_Sense3
START,ComputeScalar2,Sense3,16400185969999,jolesz,Pride2_Sense3
STOP,ComputeScalar3,Pride2_Sense3,16400197873500,jolesz,Pride2_Sense3
STOP,ComputeScalar2,Sense3,16400198905500,jolesz,Pride2_Sense3
QUEUE,ComputeCosine,Pride2_Sense3,16400198942800,jolesz,Pride2_Sense3
START,ComputeCosine,Pride2_Sense3,16400199088900,jolesz,Pride2_Sense3
STOP,ComputeCosine,Pride2_Sense3,16400199297200,jolesz,Pride2_Sense3
QUEUE,Tokenize2,Sense4,16400199443099,jolesz,Pride2_Sense4
QUEUE,Tokenize1,Pride2,16400199478499,jolesz,Pride2_Sense4
START,Tokenize2,Sense4,16400199796900,jolesz,Pride2_Sense4
START,Tokenize1,Pride2,16400200024200,jolesz,Pride2_Sense4
STOP,Tokenize1,Pride2,16400201568500,jolesz,Pride2_Sense4
QUEUE,Collect1,Pride2,16400201609100,jolesz,Pride2_Sense4
START,Collect1,Pride2,16400202011900,jolesz,Pride2_Sense4
STOP,Tokenize2,Sense4,16400205511299,jolesz,Pride2_Sense4
QUEUE,Collect2,Sense4,16400205553600,jolesz,Pride2_Sense4
START,Collect2,Sense4,16400205826800,jolesz,Pride2_Sense4
QUEUE,ComputeScalar1,Pride2,16400402354900,jolesz,Pride2_Sense4
STOP,Collect1,Pride2,16400402309199,jolesz,Pride2_Sense4
START,ComputeScalar1,Pride2,16400402547999,jolesz,Pride2_Sense4
STOP,ComputeScalar1,Pride2,16400409884600,jolesz,Pride2_Sense4
STOP,Collect2,Sense4,16402710841400,jolesz,Pride2_Sense4
QUEUE,ComputeScalar2,Sense4,16402710877200,jolesz,Pride2_Sense4
QUEUE,ComputeScalar3,Pride2_Sense4,16402710884600,jolesz,Pride2_Sense4
START,ComputeScalar3,Pride2_Sense4,16402711215700,jolesz,Pride2_Sense4
START,ComputeScalar2,Sense4,16402711276800,jolesz,Pride2_Sense4
STOP,ComputeScalar3,Pride2_Sense4,16402730889900,jolesz,Pride2_Sense4
STOP,ComputeScalar2,Sense4,16402740130800,jolesz,Pride2_Sense4
QUEUE,ComputeCosine,Pride2_Sense4,16402740170599,jolesz,Pride2_Sense4
START,ComputeCosine,Pride2_Sense4,16402740564200,jolesz,Pride2_Sense4
STOP,ComputeCosine,Pride2_Sense4,16402740730599,jolesz,Pride2_Sense4
QUEUE,Tokenize1,Pride2,16402740924700,jolesz,Pride2_Sense5
QUEUE,Tokenize2,Sense5,16402740927500,jolesz,Pride2_Sense5
START,Tokenize1,Pride2,16402741037400,jolesz,Pride2_Sense5
START,Tokenize2,Sense5,16402741078000,jolesz,Pride2_Sense5
STOP,Tokenize1,Pride2,16402742779500,jolesz,Pride2_Sense5
QUEUE,Collect1,Pride2,16402742823699,jolesz,Pride2_Sense5
START,Collect1,Pride2,16402743001500,jolesz,Pride2_Sense5
STOP,Tokenize2,Sense5,16402751213399,jolesz,Pride2_Sense5
QUEUE,Collect2,Sense5,16402751263600,jolesz,Pride2_Sense5
START,Collect2,Sense5,16402751684700,jolesz,Pride2_Sense5
STOP,Collect1,Pride2,16402961654100,jolesz,Pride2_Sense5
QUEUE,ComputeScalar1,Pride2,16402961739800,jolesz,Pride2_Sense5
START,ComputeScalar1,Pride2,16402961876099,jolesz,Pride2_Sense5
STOP,ComputeScalar1,Pride2,16402967176300,jolesz,Pride2_Sense5
STOP,Collect2,Sense5,16411883635999,jolesz,Pride2_Sense5
QUEUE,ComputeScalar3,Pride2_Sense5,16411883682600,jolesz,Pride2_Sense5
QUEUE,ComputeScalar2,Sense5,16411883681000,jolesz,Pride2_Sense5
START,ComputeScalar2,Sense5,16411884086200,jolesz,Pride2_Sense5
START,ComputeScalar3,Pride2_Sense5,16411884086800,jolesz,Pride2_Sense5
STOP,ComputeScalar3,Pride2_Sense5,16411903965000,jolesz,Pride2_Sense5
QUEUE,ComputeCosine,Pride2_Sense5,16411922219200,jolesz,Pride2_Sense5
STOP,ComputeScalar2,Sense5,16411922177400,jolesz,Pride2_Sense5
START,ComputeCosine,Pride2_Sense5,16411922496000,jolesz,Pride2_Sense5
STOP,ComputeCosine,Pride2_Sense5,16411922698400,jolesz,Pride2_Sense5
QUEUE,Tokenize1,Pride2,16411922816800,jolesz,Pride2_Sense6
QUEUE,Tokenize2,Sense6,16411922847599,jolesz,Pride2_Sense6
START,Tokenize1,Pride2,16411923001200,jolesz,Pride2_Sense6
START,Tokenize2,Sense6,16411923024200,jolesz,Pride2_Sense6
STOP,Tokenize1,Pride2,16411924118300,jolesz,Pride2_Sense6
QUEUE,Collect1,Pride2,16411924157700,jolesz,Pride2_Sense6
START,Collect1,Pride2,16411924426599,jolesz,Pride2_Sense6
STOP,Tokenize2,Sense6,16411939112799,jolesz,Pride2_Sense6
QUEUE,Collect2,Sense6,16411939155500,jolesz,Pride2_Sense6
START,Collect2,Sense6,16411939403900,jolesz,Pride2_Sense6
STOP,Collect1,Pride2,16412127410699,jolesz,Pride2_Sense6
QUEUE,ComputeScalar1,Pride2,16412127457499,jolesz,Pride2_Sense6
START,ComputeScalar1,Pride2,16412127805600,jolesz,Pride2_Sense6
STOP,ComputeScalar1,Pride2,16412133346100,jolesz,Pride2_Sense6
QUEUE,ComputeScalar3,Pride2_Sense6,16458680707500,jolesz,Pride2_Sense6
QUEUE,ComputeScalar2,Sense6,16458680698900,jolesz,Pride2_Sense6
STOP,Collect2,Sense6,16458680660800,jolesz,Pride2_Sense6
START,ComputeScalar3,Pride2_Sense6,16458681030200,jolesz,Pride2_Sense6
START,ComputeScalar2,Sense6,16458681225299,jolesz,Pride2_Sense6
STOP,ComputeScalar3,Pride2_Sense6,16458727485100,jolesz,Pride2_Sense6
STOP,ComputeScalar2,Sense6,16458771914199,jolesz,Pride2_Sense6
QUEUE,ComputeCosine,Pride2_Sense6,16458771962200,jolesz,Pride2_Sense6
START,ComputeCosine,Pride2_Sense6,16458772334900,jolesz,Pride2_Sense6
STOP,ComputeCosine,Pride2_Sense6,16458772460500,jolesz,Pride2_Sense6
QUEUE,Tokenize2,Sense1,16458772627999,jolesz,Pride3_Sense1
QUEUE,Tokenize1,Pride3,16458772652900,jolesz,Pride3_Sense1
START,Tokenize2,Sense1,16458772737600,jolesz,Pride3_Sense1
START,Tokenize1,Pride3,16458772884000,jolesz,Pride3_Sense1
STOP,Tokenize2,Sense1,16458773600600,jolesz,Pride3_Sense1
QUEUE,Collect2,Sense1,16458773645000,jolesz,Pride3_Sense1
START,Collect2,Sense1,16458773861000,jolesz,Pride3_Sense1
STOP,Tokenize1,Pride3,16458774892200,jolesz,Pride3_Sense1
QUEUE,Collect1,Pride3,16458774940500,jolesz,Pride3_Sense1
START,Collect1,Pride3,16458775063000,jolesz,Pride3_Sense1
QUEUE,ComputeScalar2,Sense1,16458827745499,jolesz,Pride3_Sense1
STOP,Collect2,Sense1,16458827703100,jolesz,Pride3_Sense1
START,ComputeScalar2,Sense1,16458827978300,jolesz,Pride3_Sense1
STOP,ComputeScalar2,Sense1,16458830864799,jolesz,Pride3_Sense1
STOP,Collect1,Pride3,16459470881599,jolesz,Pride3_Sense1
QUEUE,ComputeScalar1,Pride3,16459470924599,jolesz,Pride3_Sense1
QUEUE,ComputeScalar3,Pride3_Sense1,16459470933500,jolesz,Pride3_Sense1
START,ComputeScalar1,Pride3,16459471415200,jolesz,Pride3_Sense1
START,ComputeScalar3,Pride3_Sense1,16459471569000,jolesz,Pride3_Sense1
STOP,ComputeScalar3,Pride3_Sense1,16459480214700,jolesz,Pride3_Sense1
STOP,ComputeScalar1,Pride3,16459481582800,jolesz,Pride3_Sense1
QUEUE,ComputeCosine,Pride3_Sense1,16459481630999,jolesz,Pride3_Sense1
START,ComputeCosine,Pride3_Sense1,16459481788800,jolesz,Pride3_Sense1
STOP,ComputeCosine,Pride3_Sense1,16459481925100,jolesz,Pride3_Sense1
QUEUE,Tokenize1,Pride3,16459482117500,jolesz,Pride3_Sense2
QUEUE,Tokenize2,Sense2,16459482117799,jolesz,Pride3_Sense2
START,Tokenize1,Pride3,16459482325699,jolesz,Pride3_Sense2
START,Tokenize2,Sense2,16459482413599,jolesz,Pride3_Sense2
STOP,Tokenize2,Sense2,16459483788700,jolesz,Pride3_Sense2
QUEUE,Collect2,Sense2,16459483799400,jolesz,Pride3_Sense2
START,Collect2,Sense2,16459484108199,jolesz,Pride3_Sense2
STOP,Tokenize1,Pride3,16459484797199,jolesz,Pride3_Sense2
QUEUE,Collect1,Pride3,16459484809700,jolesz,Pride3_Sense2
START,Collect1,Pride3,16459484960800,jolesz,Pride3_Sense2
STOP,Collect2,Sense2,16459687624200,jolesz,Pride3_Sense2
QUEUE,ComputeScalar2,Sense2,16459687663900,jolesz,Pride3_Sense2
START,ComputeScalar2,Sense2,16459687850700,jolesz,Pride3_Sense2
STOP,ComputeScalar2,Sense2,16459693393099,jolesz,Pride3_Sense2
STOP,Collect1,Pride3,16460186279500,jolesz,Pride3_Sense2
QUEUE,ComputeScalar1,Pride3,16460186349500,jolesz,Pride3_Sense2
QUEUE,ComputeScalar3,Pride3_Sense2,16460186388499,jolesz,Pride3_Sense2
START,ComputeScalar1,Pride3,16460186674600,jolesz,Pride3_Sense2
START,ComputeScalar3,Pride3_Sense2,16460186872300,jolesz,Pride3_Sense2
STOP,ComputeScalar1,Pride3,16460197278500,jolesz,Pride3_Sense2
STOP,ComputeScalar3,Pride3_Sense2,16460198065300,jolesz,Pride3_Sense2
QUEUE,ComputeCosine,Pride3_Sense2,16460198104600,jolesz,Pride3_Sense2
START,ComputeCosine,Pride3_Sense2,16460198417299,jolesz,Pride3_Sense2
STOP,ComputeCosine,Pride3_Sense2,16460198551200,jolesz,Pride3_Sense2
QUEUE,Tokenize2,Sense3,16460198699600,jolesz,Pride3_Sense3
QUEUE,Tokenize1,Pride3,16460198701200,jolesz,Pride3_Sense3
START,Tokenize1,Pride3,16460198828000,jolesz,Pride3_Sense3
START,Tokenize2,Sense3,16460198905300,jolesz,Pride3_Sense3
STOP,Tokenize1,Pride3,16460200828599,jolesz,Pride3_Sense3
QUEUE,Collect2,Sense3,16460200952700,jolesz,Pride3_Sense3
QUEUE,Collect1,Pride3,16460200866200,jolesz,Pride3_Sense3
STOP,Tokenize2,Sense3,16460200940200,jolesz,Pride3_Sense3
START,Collect2,Sense3,16460201132800,jolesz,Pride3_Sense3
START,Collect1,Pride3,16460201226400,jolesz,Pride3_Sense3
QUEUE,ComputeScalar1,Pride3,16460920885100,jolesz,Pride3_Sense3
STOP,Collect1,Pride3,16460920846300,jolesz,Pride3_Sense3
START,ComputeScalar1,Pride3,16460921072199,jolesz,Pride3_Sense3
QUEUE,ComputeScalar2,Sense3,16460926023500,jolesz,Pride3_Sense3
QUEUE,ComputeScalar3,Pride3_Sense3,16460926034500,jolesz,Pride3_Sense3
STOP,Collect2,Sense3,16460925985900,jolesz,Pride3_Sense3
START,ComputeScalar2,Sense3,16460926328700,jolesz,Pride3_Sense3
START,ComputeScalar3,Pride3_Sense3,16460926391300,jolesz,Pride3_Sense3
STOP,ComputeScalar1,Pride3,16460931173000,jolesz,Pride3_Sense3
STOP,ComputeScalar2,Sense3,16460937304399,jolesz,Pride3_Sense3
STOP,ComputeScalar3,Pride3_Sense3,16460940974199,jolesz,Pride3_Sense3
QUEUE,ComputeCosine,Pride3_Sense3,16460941017400,jolesz,Pride3_Sense3
START,ComputeCosine,Pride3_Sense3,16460941274100,jolesz,Pride3_Sense3
STOP,ComputeCosine,Pride3_Sense3,16460941382100,jolesz,Pride3_Sense3
QUEUE,Tokenize2,Sense4,16460941496300,jolesz,Pride3_Sense4
QUEUE,Tokenize1,Pride3,16460941541900,jolesz,Pride3_Sense4
START,Tokenize2,Sense4,16460941748800,jolesz,Pride3_Sense4
START,Tokenize1,Pride3,16460941812199,jolesz,Pride3_Sense4
STOP,Tokenize1,Pride3,16460943893200,jolesz,Pride3_Sense4
QUEUE,Collect1,Pride3,16460943932300,jolesz,Pride3_Sense4
START,Collect1,Pride3,16460944085899,jolesz,Pride3_Sense4
STOP,Tokenize2,Sense4,16460945720100,jolesz,Pride3_Sense4
QUEUE,Collect2,Sense4,16460945731799,jolesz,Pride3_Sense4
START,Collect2,Sense4,16460945918099,jolesz,Pride3_Sense4
STOP,Collect1,Pride3,16461763941800,jolesz,Pride3_Sense4
QUEUE,ComputeScalar1,Pride3,16461763980400,jolesz,Pride3_Sense4
START,ComputeScalar1,Pride3,16461764246399,jolesz,Pride3_Sense4
STOP,ComputeScalar1,Pride3,16461776259100,jolesz,Pride3_Sense4
QUEUE,ComputeScalar3,Pride3_Sense4,16463627711700,jolesz,Pride3_Sense4
QUEUE,ComputeScalar2,Sense4,16463627719600,jolesz,Pride3_Sense4
STOP,Collect2,Sense4,16463627683200,jolesz,Pride3_Sense4
START,ComputeScalar3,Pride3_Sense4,16463628064800,jolesz,Pride3_Sense4
START,ComputeScalar2,Sense4,16463628242200,jolesz,Pride3_Sense4
STOP,ComputeScalar2,Sense4,16463649624000,jolesz,Pride3_Sense4
QUEUE,ComputeCosine,Pride3_Sense4,16463649708000,jolesz,Pride3_Sense4
STOP,ComputeScalar3,Pride3_Sense4,16463649633800,jolesz,Pride3_Sense4
START,ComputeCosine,Pride3_Sense4,16463650235900,jolesz,Pride3_Sense4
STOP,ComputeCosine,Pride3_Sense4,16463650446100,jolesz,Pride3_Sense4
QUEUE,Tokenize1,Pride3,16463650583800,jolesz,Pride3_Sense5
QUEUE,Tokenize2,Sense5,16463650589500,jolesz,Pride3_Sense5
START,Tokenize1,Pride3,16463650801600,jolesz,Pride3_Sense5
START,Tokenize2,Sense5,16463650963500,jolesz,Pride3_Sense5
STOP,Tokenize1,Pride3,16463653134100,jolesz,Pride3_Sense5
QUEUE,Collect1,Pride3,16463653187200,jolesz,Pride3_Sense5
START,Collect1,Pride3,16463653415900,jolesz,Pride3_Sense5
STOP,Tokenize2,Sense5,16463658838399,jolesz,Pride3_Sense5
QUEUE,Collect2,Sense5,16463658852600,jolesz,Pride3_Sense5
START,Collect2,Sense5,16463659134400,jolesz,Pride3_Sense5
QUEUE,ComputeScalar1,Pride3,16464410897599,jolesz,Pride3_Sense5
STOP,Collect1,Pride3,16464410853400,jolesz,Pride3_Sense5
START,ComputeScalar1,Pride3,16464411133700,jolesz,Pride3_Sense5
STOP,ComputeScalar1,Pride3,16464424324200,jolesz,Pride3_Sense5
STOP,Collect2,Sense5,16474506554600,jolesz,Pride3_Sense5
QUEUE,ComputeScalar3,Pride3_Sense5,16474506568900,jolesz,Pride3_Sense5
QUEUE,ComputeScalar2,Sense5,16474506593600,jolesz,Pride3_Sense5
START,ComputeScalar3,Pride3_Sense5,16474507079399,jolesz,Pride3_Sense5
START,ComputeScalar2,Sense5,16474507139400,jolesz,Pride3_Sense5
STOP,ComputeScalar3,Pride3_Sense5,16474553712500,jolesz,Pride3_Sense5
STOP,ComputeScalar2,Sense5,16474562453999,jolesz,Pride3_Sense5
QUEUE,ComputeCosine,Pride3_Sense5,16474562492800,jolesz,Pride3_Sense5
START,ComputeCosine,Pride3_Sense5,16474562826200,jolesz,Pride3_Sense5
STOP,ComputeCosine,Pride3_Sense5,16474562936700,jolesz,Pride3_Sense5
QUEUE,Tokenize1,Pride3,16474563094500,jolesz,Pride3_Sense6
QUEUE,Tokenize2,Sense6,16474563100000,jolesz,Pride3_Sense6
START,Tokenize1,Pride3,16474563213099,jolesz,Pride3_Sense6
START,Tokenize2,Sense6,16474563376300,jolesz,Pride3_Sense6
STOP,Tokenize1,Pride3,16474565054499,jolesz,Pride3_Sense6
QUEUE,Collect1,Pride3,16474565097200,jolesz,Pride3_Sense6
START,Collect1,Pride3,16474565203100,jolesz,Pride3_Sense6
STOP,Tokenize2,Sense6,16474577806500,jolesz,Pride3_Sense6
QUEUE,Collect2,Sense6,16474577851499,jolesz,Pride3_Sense6
START,Collect2,Sense6,16474578110499,jolesz,Pride3_Sense6
STOP,Collect1,Pride3,16475280616700,jolesz,Pride3_Sense6
QUEUE,ComputeScalar1,Pride3,16475280654800,jolesz,Pride3_Sense6
START,ComputeScalar1,Pride3,16475280832199,jolesz,Pride3_Sense6
STOP,ComputeScalar1,Pride3,16475291794699,jolesz,Pride3_Sense6
QUEUE,ComputeScalar3,Pride3_Sense6,16523775731800,jolesz,Pride3_Sense6
QUEUE,ComputeScalar2,Sense6,16523775725200,jolesz,Pride3_Sense6
STOP,Collect2,Sense6,16523775687500,jolesz,Pride3_Sense6
START,ComputeScalar3,Pride3_Sense6,16523776245699,jolesz,Pride3_Sense6
START,ComputeScalar2,Sense6,16523776309800,jolesz,Pride3_Sense6
STOP,ComputeScalar3,Pride3_Sense6,16523830322700,jolesz,Pride3_Sense6
STOP,ComputeScalar2,Sense6,16523864703500,jolesz,Pride3_Sense6
QUEUE,ComputeCosine,Pride3_Sense6,16523864746800,jolesz,Pride3_Sense6
START,ComputeCosine,Pride3_Sense6,16523865062699,jolesz,Pride3_Sense6
STOP,ComputeCosine,Pride3_Sense6,16523865172800,jolesz,Pride3_Sense6
QUEUE,Tokenize2,Sense1,16523865370300,jolesz,Pride4_Sense1
QUEUE,Tokenize1,Pride4,16523865401000,jolesz,Pride4_Sense1
START,Tokenize2,Sense1,16523865631600,jolesz,Pride4_Sense1
START,Tokenize1,Pride4,16523865715799,jolesz,Pride4_Sense1
STOP,Tokenize2,Sense1,16523866522400,jolesz,Pride4_Sense1
QUEUE,Collect2,Sense1,16523866562100,jolesz,Pride4_Sense1
START,Collect2,Sense1,16523866724700,jolesz,Pride4_Sense1
STOP,Tokenize1,Pride4,16523869459000,jolesz,Pride4_Sense1
QUEUE,Collect1,Pride4,16523869496300,jolesz,Pride4_Sense1
START,Collect1,Pride4,16523869599200,jolesz,Pride4_Sense1
STOP,Collect2,Sense1,16523921248100,jolesz,Pride4_Sense1
QUEUE,ComputeScalar2,Sense1,16523921287199,jolesz,Pride4_Sense1
START,ComputeScalar2,Sense1,16523921454000,jolesz,Pride4_Sense1
STOP,ComputeScalar2,Sense1,16523924233800,jolesz,Pride4_Sense1
STOP,Collect1,Pride4,16526424355899,jolesz,Pride4_Sense1
QUEUE,ComputeScalar1,Pride4,16526424405200,jolesz,Pride4_Sense1
QUEUE,ComputeScalar3,Pride4_Sense1,16526424430800,jolesz,Pride4_Sense1
START,ComputeScalar1,Pride4,16526424663300,jolesz,Pride4_Sense1
START,ComputeScalar3,Pride4_Sense1,16526424733600,jolesz,Pride4_Sense1
STOP,ComputeScalar3,Pride4_Sense1,16526441863500,jolesz,Pride4_Sense1
QUEUE,ComputeCosine,Pride4_Sense1,16526447871299,jolesz,Pride4_Sense1
STOP,ComputeScalar1,Pride4,16526447856700,jolesz,Pride4_Sense1
START,ComputeCosine,Pride4_Sense1,16526448049200,jolesz,Pride4_Sense1
STOP,ComputeCosine,Pride4_Sense1,16526448158700,jolesz,Pride4_Sense1
QUEUE,Tokenize1,Pride4,16526448266100,jolesz,Pride4_Sense2
QUEUE,Tokenize2,Sense2,16526448266399,jolesz,Pride4_Sense2
START,Tokenize1,Pride4,16526448370300,jolesz,Pride4_Sense2
START,Tokenize2,Sense2,16526448408400,jolesz,Pride4_Sense2
STOP,Tokenize2,Sense2,16526449636400,jolesz,Pride4_Sense2
QUEUE,Collect2,Sense2,16526449678699,jolesz,Pride4_Sense2
START,Collect2,Sense2,16526449847700,jolesz,Pride4_Sense2
STOP,Tokenize1,Pride4,16526451995300,jolesz,Pride4_Sense2
QUEUE,Collect1,Pride4,16526452007600,jolesz,Pride4_Sense2
START,Collect1,Pride4,16526452169600,jolesz,Pride4_Sense2
QUEUE,ComputeScalar2,Sense2,16526693438999,jolesz,Pride4_Sense2
STOP,Collect2,Sense2,16526693396200,jolesz,Pride4_Sense2
START,ComputeScalar2,Sense2,16526693658000,jolesz,Pride4_Sense2
STOP,ComputeScalar2,Sense2,16526697968300,jolesz,Pride4_Sense2
QUEUE,ComputeScalar1,Pride4,16528968330200,jolesz,Pride4_Sense2
QUEUE,ComputeScalar3,Pride4_Sense2,16528968341299,jolesz,Pride4_Sense2
STOP,Collect1,Pride4,16528968313400,jolesz,Pride4_Sense2
START,ComputeScalar1,Pride4,16528968652399,jolesz,Pride4_Sense2
START,ComputeScalar3,Pride4_Sense2,16528968720900,jolesz,Pride4_Sense2
STOP,ComputeScalar3,Pride4_Sense2,16528983221900,jolesz,Pride4_Sense2
STOP,ComputeScalar1,Pride4,16528986576899,jolesz,Pride4_Sense2
QUEUE,ComputeCosine,Pride4_Sense2,16528986616100,jolesz,Pride4_Sense2
START,ComputeCosine,Pride4_Sense2,16528986923699,jolesz,Pride4_Sense2
STOP,ComputeCosine,Pride4_Sense2,16528987023400,jolesz,Pride4_Sense2
QUEUE,Tokenize2,Sense3,16528987178100,jolesz,Pride4_Sense3
QUEUE,Tokenize1,Pride4,16528987191900,jolesz,Pride4_Sense3
START,Tokenize2,Sense3,16528987365400,jolesz,Pride4_Sense3
START,Tokenize1,Pride4,16528987512500,jolesz,Pride4_Sense3
STOP,Tokenize2,Sense3,16528989431300,jolesz,Pride4_Sense3
QUEUE,Collect2,Sense3,16528989472900,jolesz,Pride4_Sense3
START,Collect2,Sense3,16528989584800,jolesz,Pride4_Sense3
STOP,Tokenize1,Pride4,16528991295799,jolesz,Pride4_Sense3
QUEUE,Collect1,Pride4,16528991335499,jolesz,Pride4_Sense3
START,Collect1,Pride4,16528991447400,jolesz,Pride4_Sense3
STOP,Collect2,Sense3,16529705291800,jolesz,Pride4_Sense3
QUEUE,ComputeScalar2,Sense3,16529705365700,jolesz,Pride4_Sense3
START,ComputeScalar2,Sense3,16529705528700,jolesz,Pride4_Sense3
STOP,ComputeScalar2,Sense3,16529717343900,jolesz,Pride4_Sense3
QUEUE,ComputeScalar1,Pride4,16531564133600,jolesz,Pride4_Sense3
QUEUE,ComputeScalar3,Pride4_Sense3,16531564161100,jolesz,Pride4_Sense3
STOP,Collect1,Pride4,16531564101100,jolesz,Pride4_Sense3
START,ComputeScalar1,Pride4,16531564437300,jolesz,Pride4_Sense3
START,ComputeScalar3,Pride4_Sense3,16531564526300,jolesz,Pride4_Sense3
STOP,ComputeScalar1,Pride4,16531586449900,jolesz,Pride4_Sense3
STOP,ComputeScalar3,Pride4_Sense3,16531586828900,jolesz,Pride4_Sense3
QUEUE,ComputeCosine,Pride4_Sense3,16531586867300,jolesz,Pride4_Sense3
START,ComputeCosine,Pride4_Sense3,16531586962099,jolesz,Pride4_Sense3
STOP,ComputeCosine,Pride4_Sense3,16531587042800,jolesz,Pride4_Sense3
QUEUE,Tokenize1,Pride4,16531587173700,jolesz,Pride4_Sense4
QUEUE,Tokenize2,Sense4,16531587176800,jolesz,Pride4_Sense4
START,Tokenize2,Sense4,16531587337699,jolesz,Pride4_Sense4
START,Tokenize1,Pride4,16531587280700,jolesz,Pride4_Sense4
STOP,Tokenize1,Pride4,16531591161400,jolesz,Pride4_Sense4
QUEUE,Collect1,Pride4,16531591200300,jolesz,Pride4_Sense4
STOP,Tokenize2,Sense4,16531591209800,jolesz,Pride4_Sense4
QUEUE,Collect2,Sense4,16531591247400,jolesz,Pride4_Sense4
START,Collect1,Pride4,16531591558200,jolesz,Pride4_Sense4
START,Collect2,Sense4,16531591629100,jolesz,Pride4_Sense4
STOP,Collect2,Sense4,16534646526699,jolesz,Pride4_Sense4
QUEUE,ComputeScalar2,Sense4,16534646581600,jolesz,Pride4_Sense4
START,ComputeScalar2,Sense4,16534646836799,jolesz,Pride4_Sense4
STOP,ComputeScalar2,Sense4,16534669363199,jolesz,Pride4_Sense4
STOP,Collect1,Pride4,16534764080400,jolesz,Pride4_Sense4
QUEUE,ComputeScalar1,Pride4,16534764217799,jolesz,Pride4_Sense4
QUEUE,ComputeScalar3,Pride4_Sense4,16534764276000,jolesz,Pride4_Sense4
START,ComputeScalar3,Pride4_Sense4,16534764703100,jolesz,Pride4_Sense4
START,ComputeScalar1,Pride4,16534764644399,jolesz,Pride4_Sense4
STOP,ComputeScalar1,Pride4,16534786250500,jolesz,Pride4_Sense4
STOP,ComputeScalar3,Pride4_Sense4,16534797092100,jolesz,Pride4_Sense4
QUEUE,ComputeCosine,Pride4_Sense4,16534797133600,jolesz,Pride4_Sense4
START,ComputeCosine,Pride4_Sense4,16534797391900,jolesz,Pride4_Sense4
STOP,ComputeCosine,Pride4_Sense4,16534797499500,jolesz,Pride4_Sense4
QUEUE,Tokenize2,Sense5,16534797657500,jolesz,Pride4_Sense5
QUEUE,Tokenize1,Pride4,16534797689899,jolesz,Pride4_Sense5
START,Tokenize2,Sense5,16534797904700,jolesz,Pride4_Sense5
START,Tokenize1,Pride4,16534797971100,jolesz,Pride4_Sense5
STOP,Tokenize1,Pride4,16534801621200,jolesz,Pride4_Sense5
QUEUE,Collect1,Pride4,16534801683500,jolesz,Pride4_Sense5
START,Collect1,Pride4,16534801877200,jolesz,Pride4_Sense5
STOP,Tokenize2,Sense5,16534805272500,jolesz,Pride4_Sense5
QUEUE,Collect2,Sense5,16534805329399,jolesz,Pride4_Sense5
START,Collect2,Sense5,16534805552800,jolesz,Pride4_Sense5
QUEUE,ComputeScalar1,Pride4,16537513563900,jolesz,Pride4_Sense5
STOP,Collect1,Pride4,16537513515700,jolesz,Pride4_Sense5
START,ComputeScalar1,Pride4,16537513795200,jolesz,Pride4_Sense5
STOP,ComputeScalar1,Pride4,16537542678300,jolesz,Pride4_Sense5
STOP,Collect2,Sense5,16544882987600,jolesz,Pride4_Sense5
QUEUE,ComputeScalar2,Sense5,16544883026900,jolesz,Pride4_Sense5
QUEUE,ComputeScalar3,Pride4_Sense5,16544883033499,jolesz,Pride4_Sense5
START,ComputeScalar2,Sense5,16544883305500,jolesz,Pride4_Sense5
START,ComputeScalar3,Pride4_Sense5,16544883482800,jolesz,Pride4_Sense5
STOP,ComputeScalar3,Pride4_Sense5,16544919057600,jolesz,Pride4_Sense5
STOP,ComputeScalar2,Sense5,16544921458900,jolesz,Pride4_Sense5
QUEUE,ComputeCosine,Pride4_Sense5,16544921492800,jolesz,Pride4_Sense5
START,ComputeCosine,Pride4_Sense5,16544921651100,jolesz,Pride4_Sense5
STOP,ComputeCosine,Pride4_Sense5,16544921777000,jolesz,Pride4_Sense5
QUEUE,Tokenize2,Sense6,16544921914300,jolesz,Pride4_Sense6
QUEUE,Tokenize1,Pride4,16544921908200,jolesz,Pride4_Sense6
START,Tokenize2,Sense6,16544922090400,jolesz,Pride4_Sense6
START,Tokenize1,Pride4,16544922150800,jolesz,Pride4_Sense6
STOP,Tokenize1,Pride4,16544926053100,jolesz,Pride4_Sense6
QUEUE,Collect1,Pride4,16544926080099,jolesz,Pride4_Sense6
START,Collect1,Pride4,16544926276200,jolesz,Pride4_Sense6
STOP,Tokenize2,Sense6,16544937511299,jolesz,Pride4_Sense6
QUEUE,Collect2,Sense6,16544937548599,jolesz,Pride4_Sense6
START,Collect2,Sense6,16544937796400,jolesz,Pride4_Sense6
STOP,Collect1,Pride4,16547711761300,jolesz,Pride4_Sense6
QUEUE,ComputeScalar1,Pride4,16547711805600,jolesz,Pride4_Sense6
START,ComputeScalar1,Pride4,16547712149800,jolesz,Pride4_Sense6
STOP,ComputeScalar1,Pride4,16547738354100,jolesz,Pride4_Sense6
QUEUE,ComputeScalar3,Pride4_Sense6,16593446753900,jolesz,Pride4_Sense6
STOP,Collect2,Sense6,16593446743699,jolesz,Pride4_Sense6
QUEUE,ComputeScalar2,Sense6,16593446773600,jolesz,Pride4_Sense6
START,ComputeScalar3,Pride4_Sense6,16593447012400,jolesz,Pride4_Sense6
START,ComputeScalar2,Sense6,16593447121599,jolesz,Pride4_Sense6
STOP,ComputeScalar3,Pride4_Sense6,16593541375300,jolesz,Pride4_Sense6
QUEUE,ComputeCosine,Pride4_Sense6,16593554606200,jolesz,Pride4_Sense6
STOP,ComputeScalar2,Sense6,16593554595000,jolesz,Pride4_Sense6
START,ComputeCosine,Pride4_Sense6,16593554792600,jolesz,Pride4_Sense6
STOP,ComputeCosine,Pride4_Sense6,16593554922700,jolesz,Pride4_Sense6
QUEUE,Tokenize2,Sense1,16593555108400,jolesz,Pride5_Sense1
QUEUE,Tokenize1,Pride5,16593555112800,jolesz,Pride5_Sense1
START,Tokenize1,Pride5,16593555301199,jolesz,Pride5_Sense1
START,Tokenize2,Sense1,16593555308000,jolesz,Pride5_Sense1
QUEUE,Collect2,Sense1,16593556219099,jolesz,Pride5_Sense1
STOP,Tokenize2,Sense1,16593556203600,jolesz,Pride5_Sense1
START,Collect2,Sense1,16593556364200,jolesz,Pride5_Sense1
QUEUE,Collect1,Pride5,16593562817900,jolesz,Pride5_Sense1
STOP,Tokenize1,Pride5,16593562799100,jolesz,Pride5_Sense1
START,Collect1,Pride5,16593563007699,jolesz,Pride5_Sense1
QUEUE,ComputeScalar2,Sense1,16593615788700,jolesz,Pride5_Sense1
STOP,Collect2,Sense1,16593615773599,jolesz,Pride5_Sense1
START,ComputeScalar2,Sense1,16593616020300,jolesz,Pride5_Sense1
STOP,ComputeScalar2,Sense1,16593618557900,jolesz,Pride5_Sense1
STOP,Collect1,Pride5,16604247932499,jolesz,Pride5_Sense1
QUEUE,ComputeScalar1,Pride5,16604247959000,jolesz,Pride5_Sense1
QUEUE,ComputeScalar3,Pride5_Sense1,16604247960400,jolesz,Pride5_Sense1
START,ComputeScalar1,Pride5,16604248415499,jolesz,Pride5_Sense1
START,ComputeScalar3,Pride5_Sense1,16604248528400,jolesz,Pride5_Sense1
STOP,ComputeScalar3,Pride5_Sense1,16604280667399,jolesz,Pride5_Sense1
STOP,ComputeScalar1,Pride5,16604298130300,jolesz,Pride5_Sense1
QUEUE,ComputeCosine,Pride5_Sense1,16604298143600,jolesz,Pride5_Sense1
START,ComputeCosine,Pride5_Sense1,16604298351900,jolesz,Pride5_Sense1
STOP,ComputeCosine,Pride5_Sense1,16604298461700,jolesz,Pride5_Sense1
QUEUE,Tokenize1,Pride5,16604298594799,jolesz,Pride5_Sense2
QUEUE,Tokenize2,Sense2,16604298632700,jolesz,Pride5_Sense2
START,Tokenize1,Pride5,16604298742399,jolesz,Pride5_Sense2
START,Tokenize2,Sense2,16604298833400,jolesz,Pride5_Sense2
STOP,Tokenize2,Sense2,16604299876500,jolesz,Pride5_Sense2
QUEUE,Collect2,Sense2,16604299911099,jolesz,Pride5_Sense2
START,Collect2,Sense2,16604300037800,jolesz,Pride5_Sense2
STOP,Tokenize1,Pride5,16604305949099,jolesz,Pride5_Sense2
QUEUE,Collect1,Pride5,16604305960700,jolesz,Pride5_Sense2
START,Collect1,Pride5,16604306188499,jolesz,Pride5_Sense2
QUEUE,ComputeScalar2,Sense2,16604510762599,jolesz,Pride5_Sense2
STOP,Collect2,Sense2,16604510753300,jolesz,Pride5_Sense2
START,ComputeScalar2,Sense2,16604510954700,jolesz,Pride5_Sense2
STOP,ComputeScalar2,Sense2,16604516968600,jolesz,Pride5_Sense2
STOP,Collect1,Pride5,16615629578000,jolesz,Pride5_Sense2
QUEUE,ComputeScalar1,Pride5,16615629614200,jolesz,Pride5_Sense2
QUEUE,ComputeScalar3,Pride5_Sense2,16615629625599,jolesz,Pride5_Sense2
START,ComputeScalar3,Pride5_Sense2,16615630111499,jolesz,Pride5_Sense2
START,ComputeScalar1,Pride5,16615629967300,jolesz,Pride5_Sense2
STOP,ComputeScalar3,Pride5_Sense2,16615662784299,jolesz,Pride5_Sense2
STOP,ComputeScalar1,Pride5,16615676115800,jolesz,Pride5_Sense2
QUEUE,ComputeCosine,Pride5_Sense2,16615676154199,jolesz,Pride5_Sense2
START,ComputeCosine,Pride5_Sense2,16615676486900,jolesz,Pride5_Sense2
STOP,ComputeCosine,Pride5_Sense2,16615676587499,jolesz,Pride5_Sense2
QUEUE,Tokenize2,Sense3,16615676716600,jolesz,Pride5_Sense3
QUEUE,Tokenize1,Pride5,16615676794700,jolesz,Pride5_Sense3
START,Tokenize2,Sense3,16615676814700,jolesz,Pride5_Sense3
START,Tokenize1,Pride5,16615676892900,jolesz,Pride5_Sense3
STOP,Tokenize2,Sense3,16615678832599,jolesz,Pride5_Sense3
QUEUE,Collect2,Sense3,16615678841000,jolesz,Pride5_Sense3
START,Collect2,Sense3,16615678967200,jolesz,Pride5_Sense3
QUEUE,Collect1,Pride5,16615698896700,jolesz,Pride5_Sense3
STOP,Tokenize1,Pride5,16615698857500,jolesz,Pride5_Sense3
START,Collect1,Pride5,16615699074100,jolesz,Pride5_Sense3
STOP,Collect2,Sense3,16616422600599,jolesz,Pride5_Sense3
QUEUE,ComputeScalar2,Sense3,16616422648900,jolesz,Pride5_Sense3
START,ComputeScalar2,Sense3,16616422932300,jolesz,Pride5_Sense3
STOP,ComputeScalar2,Sense3,16616435633000,jolesz,Pride5_Sense3
STOP,Collect1,Pride5,16626551078600,jolesz,Pride5_Sense3
QUEUE,ComputeScalar1,Pride5,16626551119100,jolesz,Pride5_Sense3
QUEUE,ComputeScalar3,Pride5_Sense3,16626551127899,jolesz,Pride5_Sense3
START,ComputeScalar3,Pride5_Sense3,16626551491499,jolesz,Pride5_Sense3
START,ComputeScalar1,Pride5,16626551560500,jolesz,Pride5_Sense3
STOP,ComputeScalar3,Pride5_Sense3,16626590127399,jolesz,Pride5_Sense3
STOP,ComputeScalar1,Pride5,16626596632100,jolesz,Pride5_Sense3
QUEUE,ComputeCosine,Pride5_Sense3,16626596672900,jolesz,Pride5_Sense3
START,ComputeCosine,Pride5_Sense3,16626596993200,jolesz,Pride5_Sense3
STOP,ComputeCosine,Pride5_Sense3,16626597093900,jolesz,Pride5_Sense3
QUEUE,Tokenize1,Pride5,16626597172999,jolesz,Pride5_Sense4
QUEUE,Tokenize2,Sense4,16626597175600,jolesz,Pride5_Sense4
START,Tokenize2,Sense4,16626597367400,jolesz,Pride5_Sense4
START,Tokenize1,Pride5,16626597406400,jolesz,Pride5_Sense4
STOP,Tokenize2,Sense4,16626601446000,jolesz,Pride5_Sense4
QUEUE,Collect2,Sense4,16626601483600,jolesz,Pride5_Sense4
START,Collect2,Sense4,16626601715900,jolesz,Pride5_Sense4
QUEUE,Collect1,Pride5,16626605307599,jolesz,Pride5_Sense4
STOP,Tokenize1,Pride5,16626605297300,jolesz,Pride5_Sense4
START,Collect1,Pride5,16626605487500,jolesz,Pride5_Sense4
QUEUE,ComputeScalar2,Sense4,16629418059799,jolesz,Pride5_Sense4
STOP,Collect2,Sense4,16629418021300,jolesz,Pride5_Sense4
START,ComputeScalar2,Sense4,16629418257500,jolesz,Pride5_Sense4
STOP,ComputeScalar2,Sense4,16629446032500,jolesz,Pride5_Sense4
STOP,Collect1,Pride5,16637741561200,jolesz,Pride5_Sense4
QUEUE,ComputeScalar1,Pride5,16637741597100,jolesz,Pride5_Sense4
QUEUE,ComputeScalar3,Pride5_Sense4,16637741627100,jolesz,Pride5_Sense4
START,ComputeScalar3,Pride5_Sense4,16637742248999,jolesz,Pride5_Sense4
START,ComputeScalar1,Pride5,16637742170099,jolesz,Pride5_Sense4
STOP,ComputeScalar1,Pride5,16637798051400,jolesz,Pride5_Sense4
STOP,ComputeScalar3,Pride5_Sense4,16637798056299,jolesz,Pride5_Sense4
QUEUE,ComputeCosine,Pride5_Sense4,16637798106600,jolesz,Pride5_Sense4
START,ComputeCosine,Pride5_Sense4,16637798725400,jolesz,Pride5_Sense4
STOP,ComputeCosine,Pride5_Sense4,16637798823000,jolesz,Pride5_Sense4
QUEUE,Tokenize2,Sense5,16637798953300,jolesz,Pride5_Sense5
START,Tokenize2,Sense5,16637799062099,jolesz,Pride5_Sense5
QUEUE,Tokenize1,Pride5,16637798999100,jolesz,Pride5_Sense5
START,Tokenize1,Pride5,16637799170999,jolesz,Pride5_Sense5
STOP,Tokenize2,Sense5,16637806363600,jolesz,Pride5_Sense5
QUEUE,Collect2,Sense5,16637806404800,jolesz,Pride5_Sense5
STOP,Tokenize1,Pride5,16637806595800,jolesz,Pride5_Sense5
QUEUE,Collect1,Pride5,16637806644299,jolesz,Pride5_Sense5
START,Collect2,Sense5,16637806717799,jolesz,Pride5_Sense5
START,Collect1,Pride5,16637807038800,jolesz,Pride5_Sense5
QUEUE,ComputeScalar1,Pride5,16652616390300,jolesz,Pride5_Sense5
STOP,Collect1,Pride5,16652616357300,jolesz,Pride5_Sense5
START,ComputeScalar1,Pride5,16652616701600,jolesz,Pride5_Sense5
STOP,ComputeScalar1,Pride5,16652671143700,jolesz,Pride5_Sense5
STOP,Collect2,Sense5,16653272852999,jolesz,Pride5_Sense5
QUEUE,ComputeScalar2,Sense5,16653272895700,jolesz,Pride5_Sense5
QUEUE,ComputeScalar3,Pride5_Sense5,16653272930800,jolesz,Pride5_Sense5
START,ComputeScalar2,Sense5,16653273164999,jolesz,Pride5_Sense5
START,ComputeScalar3,Pride5_Sense5,16653273217999,jolesz,Pride5_Sense5
STOP,ComputeScalar2,Sense5,16653320985400,jolesz,Pride5_Sense5
STOP,ComputeScalar3,Pride5_Sense5,16653347049700,jolesz,Pride5_Sense5
QUEUE,ComputeCosine,Pride5_Sense5,16653347078300,jolesz,Pride5_Sense5
START,ComputeCosine,Pride5_Sense5,16653347295000,jolesz,Pride5_Sense5
STOP,ComputeCosine,Pride5_Sense5,16653347393600,jolesz,Pride5_Sense5
QUEUE,Tokenize1,Pride5,16653347577100,jolesz,Pride5_Sense6
QUEUE,Tokenize2,Sense6,16653347608500,jolesz,Pride5_Sense6
START,Tokenize1,Pride5,16653347670399,jolesz,Pride5_Sense6
START,Tokenize2,Sense6,16653347753800,jolesz,Pride5_Sense6
STOP,Tokenize1,Pride5,16653355079500,jolesz,Pride5_Sense6
QUEUE,Collect1,Pride5,16653355092599,jolesz,Pride5_Sense6
START,Collect1,Pride5,16653355299399,jolesz,Pride5_Sense6
QUEUE,Collect2,Sense6,16653362783600,jolesz,Pride5_Sense6
STOP,Tokenize2,Sense6,16653362742200,jolesz,Pride5_Sense6
START,Collect2,Sense6,16653363065599,jolesz,Pride5_Sense6
STOP,Collect1,Pride5,16666905098899,jolesz,Pride5_Sense6
QUEUE,ComputeScalar1,Pride5,16666905145800,jolesz,Pride5_Sense6
START,ComputeScalar1,Pride5,16666905537300,jolesz,Pride5_Sense6
STOP,ComputeScalar1,Pride5,16666956759900,jolesz,Pride5_Sense6
STOP,Collect2,Sense6,16704249396700,jolesz,Pride5_Sense6
QUEUE,ComputeScalar2,Sense6,16704249435700,jolesz,Pride5_Sense6
QUEUE,ComputeScalar3,Pride5_Sense6,16704249454199,jolesz,Pride5_Sense6
START,ComputeScalar2,Sense6,16704249718800,jolesz,Pride5_Sense6
START,ComputeScalar3,Pride5_Sense6,16704249799800,jolesz,Pride5_Sense6
QUEUE,ComputeCosine,Pride5_Sense6,16704343215199,jolesz,Pride5_Sense6
STOP,ComputeScalar3,Pride5_Sense6,16704343159100,jolesz,Pride5_Sense6
STOP,ComputeScalar2,Sense6,16704343154999,jolesz,Pride5_Sense6
START,ComputeCosine,Pride5_Sense6,16704343466300,jolesz,Pride5_Sense6
STOP,ComputeCosine,Pride5_Sense6,16704343640500,jolesz,Pride5_Sense6
QUEUE,Tokenize2,Sense1,16704343751199,jolesz,Pride6_Sense1
QUEUE,Tokenize1,Pride6,16704343752400,jolesz,Pride6_Sense1
START,Tokenize1,Pride6,16704343896999,jolesz,Pride6_Sense1
START,Tokenize2,Sense1,16704343897499,jolesz,Pride6_Sense1
STOP,Tokenize2,Sense1,16704345164499,jolesz,Pride6_Sense1
QUEUE,Collect2,Sense1,16704345204400,jolesz,Pride6_Sense1
START,Collect2,Sense1,16704345328000,jolesz,Pride6_Sense1
STOP,Tokenize1,Pride6,16704359304400,jolesz,Pride6_Sense1
QUEUE,Collect1,Pride6,16704359351500,jolesz,Pride6_Sense1
START,Collect1,Pride6,16704359540599,jolesz,Pride6_Sense1
QUEUE,ComputeScalar2,Sense1,16704423922800,jolesz,Pride6_Sense1
STOP,Collect2,Sense1,16704423917799,jolesz,Pride6_Sense1
START,ComputeScalar2,Sense1,16704424141799,jolesz,Pride6_Sense1
STOP,ComputeScalar2,Sense1,16704426797100,jolesz,Pride6_Sense1
STOP,Collect1,Pride6,16749912158500,jolesz,Pride6_Sense1
QUEUE,ComputeScalar1,Pride6,16749912199900,jolesz,Pride6_Sense1
QUEUE,ComputeScalar3,Pride6_Sense1,16749912230200,jolesz,Pride6_Sense1
START,ComputeScalar1,Pride6,16749912626599,jolesz,Pride6_Sense1
START,ComputeScalar3,Pride6_Sense1,16749912764400,jolesz,Pride6_Sense1
STOP,ComputeScalar3,Pride6_Sense1,16749959391199,jolesz,Pride6_Sense1
STOP,ComputeScalar1,Pride6,16749985316499,jolesz,Pride6_Sense1
QUEUE,ComputeCosine,Pride6_Sense1,16749985369700,jolesz,Pride6_Sense1
START,ComputeCosine,Pride6_Sense1,16749985662200,jolesz,Pride6_Sense1
STOP,ComputeCosine,Pride6_Sense1,16749985805299,jolesz,Pride6_Sense1
QUEUE,Tokenize2,Sense2,16749985916300,jolesz,Pride6_Sense2
QUEUE,Tokenize1,Pride6,16749985952200,jolesz,Pride6_Sense2
START,Tokenize2,Sense2,16749986094400,jolesz,Pride6_Sense2
START,Tokenize1,Pride6,16749986162099,jolesz,Pride6_Sense2
STOP,Tokenize2,Sense2,16749987564200,jolesz,Pride6_Sense2
QUEUE,Collect2,Sense2,16749987609500,jolesz,Pride6_Sense2
START,Collect2,Sense2,16749987713800,jolesz,Pride6_Sense2
QUEUE,Collect1,Pride6,16750004785300,jolesz,Pride6_Sense2
STOP,Tokenize1,Pride6,16750004744599,jolesz,Pride6_Sense2
START,Collect1,Pride6,16750004994700,jolesz,Pride6_Sense2
QUEUE,ComputeScalar2,Sense2,16750191885100,jolesz,Pride6_Sense2
STOP,Collect2,Sense2,16750191840399,jolesz,Pride6_Sense2
START,ComputeScalar2,Sense2,16750192186000,jolesz,Pride6_Sense2
STOP,ComputeScalar2,Sense2,16750198643400,jolesz,Pride6_Sense2
STOP,Collect1,Pride6,16798152147000,jolesz,Pride6_Sense2
QUEUE,ComputeScalar1,Pride6,16798152182400,jolesz,Pride6_Sense2
QUEUE,ComputeScalar3,Pride6_Sense2,16798152196300,jolesz,Pride6_Sense2
START,ComputeScalar1,Pride6,16798152570999,jolesz,Pride6_Sense2
START,ComputeScalar3,Pride6_Sense2,16798152612400,jolesz,Pride6_Sense2
STOP,ComputeScalar3,Pride6_Sense2,16798213633300,jolesz,Pride6_Sense2
STOP,ComputeScalar1,Pride6,16798250808600,jolesz,Pride6_Sense2
QUEUE,ComputeCosine,Pride6_Sense2,16798250857500,jolesz,Pride6_Sense2
START,ComputeCosine,Pride6_Sense2,16798251171200,jolesz,Pride6_Sense2
STOP,ComputeCosine,Pride6_Sense2,16798251268700,jolesz,Pride6_Sense2
QUEUE,Tokenize1,Pride6,16798251451700,jolesz,Pride6_Sense3
QUEUE,Tokenize2,Sense3,16798251462200,jolesz,Pride6_Sense3
START,Tokenize2,Sense3,16798251606599,jolesz,Pride6_Sense3
START,Tokenize1,Pride6,16798251542999,jolesz,Pride6_Sense3
STOP,Tokenize2,Sense3,16798253469700,jolesz,Pride6_Sense3
QUEUE,Collect2,Sense3,16798253482000,jolesz,Pride6_Sense3
START,Collect2,Sense3,16798253818199,jolesz,Pride6_Sense3
QUEUE,Collect1,Pride6,16798266111900,jolesz,Pride6_Sense3
STOP,Tokenize1,Pride6,16798266069400,jolesz,Pride6_Sense3
START,Collect1,Pride6,16798266273599,jolesz,Pride6_Sense3
STOP,Collect2,Sense3,16798988122200,jolesz,Pride6_Sense3
QUEUE,ComputeScalar2,Sense3,16798988162700,jolesz,Pride6_Sense3
START,ComputeScalar2,Sense3,16798988558800,jolesz,Pride6_Sense3
STOP,ComputeScalar2,Sense3,16798999765300,jolesz,Pride6_Sense3
QUEUE,ComputeScalar1,Pride6,16846145294700,jolesz,Pride6_Sense3
STOP,Collect1,Pride6,16846145258000,jolesz,Pride6_Sense3
QUEUE,ComputeScalar3,Pride6_Sense3,16846145320400,jolesz,Pride6_Sense3
START,ComputeScalar1,Pride6,16846145583599,jolesz,Pride6_Sense3
START,ComputeScalar3,Pride6_Sense3,16846145713099,jolesz,Pride6_Sense3
STOP,ComputeScalar3,Pride6_Sense3,16846211737099,jolesz,Pride6_Sense3
STOP,ComputeScalar1,Pride6,16846233289100,jolesz,Pride6_Sense3
QUEUE,ComputeCosine,Pride6_Sense3,16846233341899,jolesz,Pride6_Sense3
START,ComputeCosine,Pride6_Sense3,16846233553600,jolesz,Pride6_Sense3
STOP,ComputeCosine,Pride6_Sense3,16846233673200,jolesz,Pride6_Sense3
QUEUE,Tokenize1,Pride6,16846233767500,jolesz,Pride6_Sense4
QUEUE,Tokenize2,Sense4,16846233772000,jolesz,Pride6_Sense4
START,Tokenize1,Pride6,16846233876100,jolesz,Pride6_Sense4
START,Tokenize2,Sense4,16846233961099,jolesz,Pride6_Sense4
STOP,Tokenize2,Sense4,16846237757100,jolesz,Pride6_Sense4
QUEUE,Collect2,Sense4,16846237800500,jolesz,Pride6_Sense4
START,Collect2,Sense4,16846238025300,jolesz,Pride6_Sense4
STOP,Tokenize1,Pride6,16846248449300,jolesz,Pride6_Sense4
QUEUE,Collect1,Pride6,16846248459300,jolesz,Pride6_Sense4
START,Collect1,Pride6,16846248617599,jolesz,Pride6_Sense4
STOP,Collect2,Sense4,16848961553100,jolesz,Pride6_Sense4
QUEUE,ComputeScalar2,Sense4,16848961595300,jolesz,Pride6_Sense4
START,ComputeScalar2,Sense4,16848961840299,jolesz,Pride6_Sense4
STOP,ComputeScalar2,Sense4,16848986021800,jolesz,Pride6_Sense4
STOP,Collect1,Pride6,16896993839800,jolesz,Pride6_Sense4
QUEUE,ComputeScalar1,Pride6,16896993883500,jolesz,Pride6_Sense4
QUEUE,ComputeScalar3,Pride6_Sense4,16896993887800,jolesz,Pride6_Sense4
START,ComputeScalar1,Pride6,16896994463600,jolesz,Pride6_Sense4
START,ComputeScalar3,Pride6_Sense4,16896994596400,jolesz,Pride6_Sense4
STOP,ComputeScalar3,Pride6_Sense4,16897070462100,jolesz,Pride6_Sense4
STOP,ComputeScalar1,Pride6,16897084162500,jolesz,Pride6_Sense4
QUEUE,ComputeCosine,Pride6_Sense4,16897084199300,jolesz,Pride6_Sense4
START,ComputeCosine,Pride6_Sense4,16897084540600,jolesz,Pride6_Sense4
STOP,ComputeCosine,Pride6_Sense4,16897084646200,jolesz,Pride6_Sense4
QUEUE,Tokenize1,Pride6,16897084883299,jolesz,Pride6_Sense5
QUEUE,Tokenize2,Sense5,16897084897600,jolesz,Pride6_Sense5
START,Tokenize1,Pride6,16897084984599,jolesz,Pride6_Sense5
START,Tokenize2,Sense5,16897085084100,jolesz,Pride6_Sense5
STOP,Tokenize2,Sense5,16897092411300,jolesz,Pride6_Sense5
QUEUE,Collect2,Sense5,16897092453099,jolesz,Pride6_Sense5
START,Collect2,Sense5,16897092669900,jolesz,Pride6_Sense5
STOP,Tokenize1,Pride6,16897112256699,jolesz,Pride6_Sense5
QUEUE,Collect1,Pride6,16897112317600,jolesz,Pride6_Sense5
START,Collect1,Pride6,16897112462800,jolesz,Pride6_Sense5
STOP,Collect2,Sense5,16910129798499,jolesz,Pride6_Sense5
QUEUE,ComputeScalar2,Sense5,16910129839400,jolesz,Pride6_Sense5
START,ComputeScalar2,Sense5,16910130141800,jolesz,Pride6_Sense5
STOP,ComputeScalar2,Sense5,16910185160199,jolesz,Pride6_Sense5
STOP,Collect1,Pride6,16947882964299,jolesz,Pride6_Sense5
QUEUE,ComputeScalar1,Pride6,16947883002499,jolesz,Pride6_Sense5
QUEUE,ComputeScalar3,Pride6_Sense5,16947883032099,jolesz,Pride6_Sense5
START,ComputeScalar1,Pride6,16947883391799,jolesz,Pride6_Sense5
START,ComputeScalar3,Pride6_Sense5,16947883608700,jolesz,Pride6_Sense5
STOP,ComputeScalar1,Pride6,16947988433999,jolesz,Pride6_Sense5
STOP,ComputeScalar3,Pride6_Sense5,16947989504700,jolesz,Pride6_Sense5
QUEUE,ComputeCosine,Pride6_Sense5,16947989543400,jolesz,Pride6_Sense5
START,ComputeCosine,Pride6_Sense5,16947989660899,jolesz,Pride6_Sense5
STOP,ComputeCosine,Pride6_Sense5,16947989753900,jolesz,Pride6_Sense5
QUEUE,Tokenize1,Pride6,16947989879800,jolesz,Pride6_Sense6
QUEUE,Tokenize2,Sense6,16947989893700,jolesz,Pride6_Sense6
START,Tokenize1,Pride6,16947989973400,jolesz,Pride6_Sense6
START,Tokenize2,Sense6,16947990030600,jolesz,Pride6_Sense6
QUEUE,Collect1,Pride6,16948004159900,jolesz,Pride6_Sense6
STOP,Tokenize1,Pride6,16948004116600,jolesz,Pride6_Sense6
START,Collect1,Pride6,16948004388900,jolesz,Pride6_Sense6
STOP,Tokenize2,Sense6,16948004633800,jolesz,Pride6_Sense6
QUEUE,Collect2,Sense6,16948004669700,jolesz,Pride6_Sense6
START,Collect2,Sense6,16948004767400,jolesz,Pride6_Sense6
STOP,Collect1,Pride6,17008029441100,jolesz,Pride6_Sense6
QUEUE,ComputeScalar1,Pride6,17008029473800,jolesz,Pride6_Sense6
START,ComputeScalar1,Pride6,17008029755299,jolesz,Pride6_Sense6
STOP,ComputeScalar1,Pride6,17008130288000,jolesz,Pride6_Sense6
STOP,Collect2,Sense6,17010189822900,jolesz,Pride6_Sense6
QUEUE,ComputeScalar2,Sense6,17010189861899,jolesz,Pride6_Sense6
QUEUE,ComputeScalar3,Pride6_Sense6,17010189883300,jolesz,Pride6_Sense6
START,ComputeScalar2,Sense6,17010190344700,jolesz,Pride6_Sense6
START,ComputeScalar3,Pride6_Sense6,17010190433100,jolesz,Pride6_Sense6
STOP,ComputeScalar2,Sense6,17010265155400,jolesz,Pride6_Sense6
STOP,ComputeScalar3,Pride6_Sense6,17010279684500,jolesz,Pride6_Sense6
QUEUE,ComputeCosine,Pride6_Sense6,17010279723700,jolesz,Pride6_Sense6
START,ComputeCosine,Pride6_Sense6,17010280028800,jolesz,Pride6_Sense6
STOP,ComputeCosine,Pride6_Sense6,17010280141500,jolesz,Pride6_Sense6
