QUEUE,Tokenize2,Pride1_Sense1,43410395234723,Kimehecc,Pride1_Sense1
START,Tokenize2,Pride1_Sense1,43410395488102,Kimehecc,Pride1_Sense1
QUEUE,Tokenize1,Pride1_Sense1,43410401843228,Kimehecc,Pride1_Sense1
START,Tokenize1,Pride1_Sense1,43410401911496,Kimehecc,Pride1_Sense1
STOP,Tokenize2,Pride1_Sense1,43410407538423,Kimehecc,Pride1_Sense1
QUEUE,Collect2,Pride1_Sense1,43410408716845,Kimehecc,Pride1_Sense1
START,Collect2,Pride1_Sense1,43410408795400,Kimehecc,Pride1_Sense1
STOP,Tokenize1,Pride1_Sense1,43410410162615,Kimehecc,Pride1_Sense1
QUEUE,Collect1,Pride1_Sense1,43410412497124,Kimehecc,Pride1_Sense1
START,Collect1,Pride1_Sense1,43410412654737,Kimehecc,Pride1_Sense1
QUEUE,Tokenize1,Pride1_Sense2,43410414014094,Kimehecc,Pride1_Sense2
QUEUE,Tokenize2,Pride1_Sense2,43410414043361,Kimehecc,Pride1_Sense2
START,Tokenize2,Pride1_Sense2,43410414089451,Kimehecc,Pride1_Sense2
START,Tokenize1,Pride1_Sense2,43410414047315,Kimehecc,Pride1_Sense2
STOP,Tokenize1,Pride1_Sense2,43410418513010,Kimehecc,Pride1_Sense2
QUEUE,Collect1,Pride1_Sense2,43410418650309,Kimehecc,Pride1_Sense2
START,Collect1,Pride1_Sense2,43410418696066,Kimehecc,Pride1_Sense2
STOP,Tokenize2,Pride1_Sense2,43410429185414,Kimehecc,Pride1_Sense2
QUEUE,Collect2,Pride1_Sense2,43410439281347,Kimehecc,Pride1_Sense2
START,Collect2,Pride1_Sense2,43410439397714,Kimehecc,Pride1_Sense2
QUEUE,Tokenize1,Pride1_Sense3,43410522114465,Kimehecc,Pride1_Sense3
START,Tokenize1,Pride1_Sense3,43410522174682,Kimehecc,Pride1_Sense3
QUEUE,Tokenize2,Pride1_Sense3,43410522141897,Kimehecc,Pride1_Sense3
START,Tokenize2,Pride1_Sense3,43410522289244,Kimehecc,Pride1_Sense3
STOP,Tokenize1,Pride1_Sense3,43410523773059,Kimehecc,Pride1_Sense3
QUEUE,Collect1,Pride1_Sense3,43410525905995,Kimehecc,Pride1_Sense3
START,Collect1,Pride1_Sense3,43410525956528,Kimehecc,Pride1_Sense3
STOP,Tokenize2,Pride1_Sense3,43410546553276,Kimehecc,Pride1_Sense3
QUEUE,Collect2,Pride1_Sense3,43410559902818,Kimehecc,Pride1_Sense3
START,Collect2,Pride1_Sense3,43410559979323,Kimehecc,Pride1_Sense3
QUEUE,Tokenize1,Pride1_Sense4,43410611735305,Kimehecc,Pride1_Sense4
START,Tokenize1,Pride1_Sense4,43410611800239,Kimehecc,Pride1_Sense4
STOP,Tokenize1,Pride1_Sense4,43410613631102,Kimehecc,Pride1_Sense4
QUEUE,Collect1,Pride1_Sense4,43410613921893,Kimehecc,Pride1_Sense4
START,Collect1,Pride1_Sense4,43410613955696,Kimehecc,Pride1_Sense4
QUEUE,Tokenize2,Pride1_Sense4,43410624188692,Kimehecc,Pride1_Sense4
START,Tokenize2,Pride1_Sense4,43410624430650,Kimehecc,Pride1_Sense4
STOP,Tokenize2,Pride1_Sense4,43410673883836,Kimehecc,Pride1_Sense4
QUEUE,Collect2,Pride1_Sense4,43410686278671,Kimehecc,Pride1_Sense4
START,Collect2,Pride1_Sense4,43410686359106,Kimehecc,Pride1_Sense4
QUEUE,Tokenize1,Pride1_Sense5,43410719142778,Kimehecc,Pride1_Sense5
START,Tokenize1,Pride1_Sense5,43410719204454,Kimehecc,Pride1_Sense5
STOP,Tokenize1,Pride1_Sense5,43410720636971,Kimehecc,Pride1_Sense5
QUEUE,Tokenize2,Pride1_Sense5,43410720850823,Kimehecc,Pride1_Sense5
START,Tokenize2,Pride1_Sense5,43410720879580,Kimehecc,Pride1_Sense5
QUEUE,Collect1,Pride1_Sense5,43410733682465,Kimehecc,Pride1_Sense5
START,Collect1,Pride1_Sense5,43410734021102,Kimehecc,Pride1_Sense5
STOP,Tokenize2,Pride1_Sense5,43410824066257,Kimehecc,Pride1_Sense5
QUEUE,Collect2,Pride1_Sense5,43410835601733,Kimehecc,Pride1_Sense5
START,Collect2,Pride1_Sense5,43410835668365,Kimehecc,Pride1_Sense5
QUEUE,Tokenize1,Pride1_Sense6,43410894017603,Kimehecc,Pride1_Sense6
START,Tokenize1,Pride1_Sense6,43410894066497,Kimehecc,Pride1_Sense6
STOP,Tokenize1,Pride1_Sense6,43410895355465,Kimehecc,Pride1_Sense6
QUEUE,Tokenize2,Pride1_Sense6,43410895485006,Kimehecc,Pride1_Sense6
START,Tokenize2,Pride1_Sense6,43410895505623,Kimehecc,Pride1_Sense6
QUEUE,Collect1,Pride1_Sense6,43410919403792,Kimehecc,Pride1_Sense6
START,Collect1,Pride1_Sense6,43410919465529,Kimehecc,Pride1_Sense6
STOP,Tokenize2,Pride1_Sense6,43411086105276,Kimehecc,Pride1_Sense6
QUEUE,Collect2,Pride1_Sense6,43411096268694,Kimehecc,Pride1_Sense6
START,Collect2,Pride1_Sense6,43411096315761,Kimehecc,Pride1_Sense6
QUEUE,Tokenize1,Pride2_Sense1,43411116999443,Kimehecc,Pride2_Sense1
QUEUE,Tokenize2,Pride2_Sense1,43411117024541,Kimehecc,Pride2_Sense1
START,Tokenize1,Pride2_Sense1,43411117030548,Kimehecc,Pride2_Sense1
START,Tokenize2,Pride2_Sense1,43411117051625,Kimehecc,Pride2_Sense1
STOP,Tokenize1,Pride2_Sense1,43411135220541,Kimehecc,Pride2_Sense1
QUEUE,Collect1,Pride2_Sense1,43411136129538,Kimehecc,Pride2_Sense1
START,Collect1,Pride2_Sense1,43411136165598,Kimehecc,Pride2_Sense1
STOP,Tokenize2,Pride2_Sense1,43411138108883,Kimehecc,Pride2_Sense1
QUEUE,Collect2,Pride2_Sense1,43411238511737,Kimehecc,Pride2_Sense1
START,Collect2,Pride2_Sense1,43411238583481,Kimehecc,Pride2_Sense1
QUEUE,Tokenize2,Pride2_Sense2,43411634663261,Kimehecc,Pride2_Sense2
START,Tokenize2,Pride2_Sense2,43411634698857,Kimehecc,Pride2_Sense2
STOP,Tokenize2,Pride2_Sense2,43411635536421,Kimehecc,Pride2_Sense2
QUEUE,Collect2,Pride2_Sense2,43411635766865,Kimehecc,Pride2_Sense2
START,Collect2,Pride2_Sense2,43411635794716,Kimehecc,Pride2_Sense2
QUEUE,Tokenize1,Pride2_Sense2,43411644723936,Kimehecc,Pride2_Sense2
START,Tokenize1,Pride2_Sense2,43411644805360,Kimehecc,Pride2_Sense2
STOP,Tokenize1,Pride2_Sense2,43411645812562,Kimehecc,Pride2_Sense2
QUEUE,Collect1,Pride2_Sense2,43411646306631,Kimehecc,Pride2_Sense2
START,Collect1,Pride2_Sense2,43411646363236,Kimehecc,Pride2_Sense2
QUEUE,Tokenize1,Pride2_Sense3,43411881249709,Kimehecc,Pride2_Sense3
START,Tokenize1,Pride2_Sense3,43411881270955,Kimehecc,Pride2_Sense3
STOP,Tokenize1,Pride2_Sense3,43411882289002,Kimehecc,Pride2_Sense3
QUEUE,Tokenize2,Pride2_Sense3,43411882308987,Kimehecc,Pride2_Sense3
START,Tokenize2,Pride2_Sense3,43411882338849,Kimehecc,Pride2_Sense3
QUEUE,Collect1,Pride2_Sense3,43411882366988,Kimehecc,Pride2_Sense3
START,Collect1,Pride2_Sense3,43411882384284,Kimehecc,Pride2_Sense3
STOP,Tokenize2,Pride2_Sense3,43411883857063,Kimehecc,Pride2_Sense3
QUEUE,Collect2,Pride2_Sense3,43411883970368,Kimehecc,Pride2_Sense3
START,Collect2,Pride2_Sense3,43411883987958,Kimehecc,Pride2_Sense3
QUEUE,Tokenize1,Pride2_Sense4,43412041384948,Kimehecc,Pride2_Sense4
START,Tokenize1,Pride2_Sense4,43412041412036,Kimehecc,Pride2_Sense4
STOP,Tokenize1,Pride2_Sense4,43412042610000,Kimehecc,Pride2_Sense4
QUEUE,Collect1,Pride2_Sense4,43412042722667,Kimehecc,Pride2_Sense4
START,Collect1,Pride2_Sense4,43412042747148,Kimehecc,Pride2_Sense4
QUEUE,Tokenize2,Pride2_Sense4,43412061811254,Kimehecc,Pride2_Sense4
START,Tokenize2,Pride2_Sense4,43412061866063,Kimehecc,Pride2_Sense4
STOP,Tokenize2,Pride2_Sense4,43412064777633,Kimehecc,Pride2_Sense4
QUEUE,Collect2,Pride2_Sense4,43412065086135,Kimehecc,Pride2_Sense4
START,Collect2,Pride2_Sense4,43412065176222,Kimehecc,Pride2_Sense4
QUEUE,Tokenize1,Pride2_Sense5,43412239233277,Kimehecc,Pride2_Sense5
START,Tokenize1,Pride2_Sense5,43412239397546,Kimehecc,Pride2_Sense5
STOP,Tokenize1,Pride2_Sense5,43412240964601,Kimehecc,Pride2_Sense5
QUEUE,Tokenize2,Pride2_Sense5,43412241374903,Kimehecc,Pride2_Sense5
START,Tokenize2,Pride2_Sense5,43412241466372,Kimehecc,Pride2_Sense5
QUEUE,Collect1,Pride2_Sense5,43412277692618,Kimehecc,Pride2_Sense5
START,Collect1,Pride2_Sense5,43412277789572,Kimehecc,Pride2_Sense5
STOP,Tokenize2,Pride2_Sense5,43412445456403,Kimehecc,Pride2_Sense5
QUEUE,Collect2,Pride2_Sense5,43412445657172,Kimehecc,Pride2_Sense5
START,Collect2,Pride2_Sense5,43412445677845,Kimehecc,Pride2_Sense5
QUEUE,Tokenize1,Pride2_Sense6,43412709685909,Kimehecc,Pride2_Sense6
START,Tokenize1,Pride2_Sense6,43412709710016,Kimehecc,Pride2_Sense6
STOP,Tokenize1,Pride2_Sense6,43412710877840,Kimehecc,Pride2_Sense6
QUEUE,Collect1,Pride2_Sense6,43412711018916,Kimehecc,Pride2_Sense6
START,Collect1,Pride2_Sense6,43412711073605,Kimehecc,Pride2_Sense6
QUEUE,Tokenize2,Pride2_Sense6,43412711225596,Kimehecc,Pride2_Sense6
START,Tokenize2,Pride2_Sense6,43412711314260,Kimehecc,Pride2_Sense6
STOP,Collect2,Pride1_Sense1,43412794640252,Kimehecc,Pride1_Sense1
STOP,Tokenize2,Pride2_Sense6,43412800617987,Kimehecc,Pride2_Sense6
QUEUE,Collect2,Pride2_Sense6,43412800953076,Kimehecc,Pride2_Sense6
START,Collect2,Pride2_Sense6,43412800993606,Kimehecc,Pride2_Sense6
STOP,Collect1,Pride1_Sense3,43412809846575,Kimehecc,Pride1_Sense3
STOP,Collect1,Pride1_Sense1,43412814583606,Kimehecc,Pride1_Sense1
STOP,Collect1,Pride1_Sense2,43412815024762,Kimehecc,Pride1_Sense2
START,ComputeScalar1,Pride1_Sense2,43412816132563,Kimehecc,Pride1_Sense2
STOP,ComputeScalar1,Pride1_Sense2,43412817113883,Kimehecc,Pride1_Sense2
QUEUE,ComputeScalar1,Pride1_Sense2,43412817144046,Kimehecc,Pride1_Sense2
STOP,Collect1,Pride1_Sense5,43412833061580,Kimehecc,Pride1_Sense5
START,ComputeScalar1,Pride1_Sense5,43412833771500,Kimehecc,Pride1_Sense5
STOP,ComputeScalar1,Pride1_Sense5,43412834540763,Kimehecc,Pride1_Sense5
QUEUE,ComputeScalar1,Pride1_Sense5,43412834571605,Kimehecc,Pride1_Sense5
START,ComputeScalar2,Pride1_Sense1,43412849052572,Kimehecc,Pride1_Sense1
STOP,Collect1,Pride1_Sense6,43412851599549,Kimehecc,Pride1_Sense6
START,ComputeScalar1,Pride1_Sense1,43412854830692,Kimehecc,Pride1_Sense1
START,ComputeScalar1,Pride1_Sense3,43412854626514,Kimehecc,Pride1_Sense3
STOP,ComputeScalar1,Pride1_Sense1,43412892592286,Kimehecc,Pride1_Sense1
QUEUE,ComputeScalar1,Pride1_Sense1,43412892620719,Kimehecc,Pride1_Sense1
START,ComputeScalar3,Pride1_Sense1,43412854347094,Kimehecc,Pride1_Sense1
STOP,ComputeScalar3,Pride1_Sense1,43412892876587,Kimehecc,Pride1_Sense1
QUEUE,ComputeScalar3,Pride1_Sense1,43412892918587,Kimehecc,Pride1_Sense1
STOP,ComputeScalar2,Pride1_Sense1,43412853323980,Kimehecc,Pride1_Sense1
QUEUE,ComputeScalar2,Pride1_Sense1,43412893108568,Kimehecc,Pride1_Sense1
START,ComputeCosine,Pride1_Sense1,43412893237500,Kimehecc,Pride1_Sense1
START,ComputeScalar1,Pride1_Sense6,43412893283739,Kimehecc,Pride1_Sense6
STOP,ComputeCosine,Pride1_Sense1,43412893354847,Kimehecc,Pride1_Sense1
STOP,ComputeScalar1,Pride1_Sense6,43412893491903,Kimehecc,Pride1_Sense6
QUEUE,ComputeScalar1,Pride1_Sense6,43412893508586,Kimehecc,Pride1_Sense6
STOP,ComputeScalar1,Pride1_Sense3,43412892619428,Kimehecc,Pride1_Sense3
QUEUE,ComputeScalar1,Pride1_Sense3,43412893995853,Kimehecc,Pride1_Sense3
STOP,Collect1,Pride1_Sense4,43412859984939,Kimehecc,Pride1_Sense4
STOP,Collect2,Pride2_Sense1,43412966187799,Kimehecc,Pride2_Sense1
START,ComputeScalar1,Pride1_Sense4,43412987415701,Kimehecc,Pride1_Sense4
STOP,ComputeScalar1,Pride1_Sense4,43412988068668,Kimehecc,Pride1_Sense4
QUEUE,ComputeScalar1,Pride1_Sense4,43412988095318,Kimehecc,Pride1_Sense4
QUEUE,Tokenize2,Pride3_Sense1,43413029448451,Kimehecc,Pride3_Sense1
START,Tokenize2,Pride3_Sense1,43413029493908,Kimehecc,Pride3_Sense1
STOP,Tokenize2,Pride3_Sense1,43413030633294,Kimehecc,Pride3_Sense1
QUEUE,Tokenize1,Pride3_Sense1,43413030948559,Kimehecc,Pride3_Sense1
START,Tokenize1,Pride3_Sense1,43413030980027,Kimehecc,Pride3_Sense1
START,ComputeScalar3,Pride2_Sense1,43413032703109,Kimehecc,Pride2_Sense1
STOP,ComputeScalar3,Pride2_Sense1,43413033047996,Kimehecc,Pride2_Sense1
QUEUE,ComputeScalar3,Pride2_Sense1,43413033071782,Kimehecc,Pride2_Sense1
STOP,Tokenize1,Pride3_Sense1,43413035081748,Kimehecc,Pride3_Sense1
QUEUE,Collect2,Pride3_Sense1,43413035521238,Kimehecc,Pride3_Sense1
START,Collect2,Pride3_Sense1,43413035552725,Kimehecc,Pride3_Sense1
QUEUE,Collect1,Pride3_Sense1,43413036962647,Kimehecc,Pride3_Sense1
START,Collect1,Pride3_Sense1,43413037036309,Kimehecc,Pride3_Sense1
QUEUE,Tokenize2,Pride3_Sense2,43413348917591,Kimehecc,Pride3_Sense2
START,Tokenize2,Pride3_Sense2,43413349015092,Kimehecc,Pride3_Sense2
QUEUE,Tokenize1,Pride3_Sense2,43413349506114,Kimehecc,Pride3_Sense2
START,Tokenize1,Pride3_Sense2,43413349582455,Kimehecc,Pride3_Sense2
STOP,Tokenize2,Pride3_Sense2,43413349674246,Kimehecc,Pride3_Sense2
QUEUE,Collect2,Pride3_Sense2,43413349782019,Kimehecc,Pride3_Sense2
START,Collect2,Pride3_Sense2,43413349814019,Kimehecc,Pride3_Sense2
STOP,Tokenize1,Pride3_Sense2,43413351005342,Kimehecc,Pride3_Sense2
QUEUE,Collect1,Pride3_Sense2,43413351180609,Kimehecc,Pride3_Sense2
START,Collect1,Pride3_Sense2,43413351245332,Kimehecc,Pride3_Sense2
QUEUE,Tokenize1,Pride3_Sense3,43413617837646,Kimehecc,Pride3_Sense3
START,Tokenize1,Pride3_Sense3,43413617876612,Kimehecc,Pride3_Sense3
STOP,Tokenize1,Pride3_Sense3,43413619056677,Kimehecc,Pride3_Sense3
QUEUE,Tokenize2,Pride3_Sense3,43413619248623,Kimehecc,Pride3_Sense3
START,Tokenize2,Pride3_Sense3,43413619267035,Kimehecc,Pride3_Sense3
STOP,Tokenize2,Pride3_Sense3,43413621479191,Kimehecc,Pride3_Sense3
QUEUE,Collect1,Pride3_Sense3,43413621655576,Kimehecc,Pride3_Sense3
START,Collect1,Pride3_Sense3,43413621675999,Kimehecc,Pride3_Sense3
QUEUE,Collect2,Pride3_Sense3,43413628439617,Kimehecc,Pride3_Sense3
START,Collect2,Pride3_Sense3,43413628490118,Kimehecc,Pride3_Sense3
STOP,Collect2,Pride3_Sense1,43413805911354,Kimehecc,Pride3_Sense1
START,ComputeScalar3,Pride3_Sense1,43413806262785,Kimehecc,Pride3_Sense1
STOP,ComputeScalar3,Pride3_Sense1,43413806498913,Kimehecc,Pride3_Sense1
QUEUE,ComputeScalar3,Pride3_Sense1,43413806537718,Kimehecc,Pride3_Sense1
STOP,Collect2,Pride2_Sense2,43414221065277,Kimehecc,Pride2_Sense2
QUEUE,Tokenize1,Pride3_Sense4,43414704316441,Kimehecc,Pride3_Sense4
START,Tokenize1,Pride3_Sense4,43414704350089,Kimehecc,Pride3_Sense4
STOP,Tokenize1,Pride3_Sense4,43414705426572,Kimehecc,Pride3_Sense4
QUEUE,Collect1,Pride3_Sense4,43414707499146,Kimehecc,Pride3_Sense4
START,Collect1,Pride3_Sense4,43414707559423,Kimehecc,Pride3_Sense4
START,ComputeScalar3,Pride2_Sense2,43414729880649,Kimehecc,Pride2_Sense2
STOP,ComputeScalar3,Pride2_Sense2,43414730177232,Kimehecc,Pride2_Sense2
QUEUE,ComputeScalar3,Pride2_Sense2,43414730188927,Kimehecc,Pride2_Sense2
STOP,Collect1,Pride2_Sense4,43414732132151,Kimehecc,Pride2_Sense4
START,ComputeScalar1,Pride2_Sense4,43414732416123,Kimehecc,Pride2_Sense4
STOP,ComputeScalar1,Pride2_Sense4,43414732681619,Kimehecc,Pride2_Sense4
QUEUE,ComputeScalar1,Pride2_Sense4,43414732709963,Kimehecc,Pride2_Sense4
STOP,Collect1,Pride2_Sense2,43414760439026,Kimehecc,Pride2_Sense2
START,ComputeScalar2,Pride2_Sense2,43414774581290,Kimehecc,Pride2_Sense2
START,ComputeScalar1,Pride2_Sense2,43414774707428,Kimehecc,Pride2_Sense2
STOP,ComputeScalar1,Pride2_Sense2,43414775005032,Kimehecc,Pride2_Sense2
QUEUE,ComputeScalar1,Pride2_Sense2,43414775015651,Kimehecc,Pride2_Sense2
STOP,ComputeScalar2,Pride2_Sense2,43414777389090,Kimehecc,Pride2_Sense2
QUEUE,ComputeScalar2,Pride2_Sense2,43414777430259,Kimehecc,Pride2_Sense2
START,ComputeCosine,Pride2_Sense2,43414777525936,Kimehecc,Pride2_Sense2
STOP,ComputeCosine,Pride2_Sense2,43414777580204,Kimehecc,Pride2_Sense2
QUEUE,Tokenize2,Pride3_Sense4,43414821217649,Kimehecc,Pride3_Sense4
START,Tokenize2,Pride3_Sense4,43414821267231,Kimehecc,Pride3_Sense4
STOP,Tokenize2,Pride3_Sense4,43414823762644,Kimehecc,Pride3_Sense4
QUEUE,Collect2,Pride3_Sense4,43414824308867,Kimehecc,Pride3_Sense4
START,Collect2,Pride3_Sense4,43414824453592,Kimehecc,Pride3_Sense4
STOP,Collect2,Pride1_Sense2,43414839232652,Kimehecc,Pride1_Sense2
START,ComputeScalar2,Pride1_Sense2,43414859342859,Kimehecc,Pride1_Sense2
START,ComputeScalar3,Pride1_Sense2,43414859407076,Kimehecc,Pride1_Sense2
STOP,ComputeScalar3,Pride1_Sense2,43414859764423,Kimehecc,Pride1_Sense2
QUEUE,ComputeScalar3,Pride1_Sense2,43414859775730,Kimehecc,Pride1_Sense2
STOP,ComputeScalar2,Pride1_Sense2,43414862464418,Kimehecc,Pride1_Sense2
QUEUE,ComputeScalar2,Pride1_Sense2,43414862693929,Kimehecc,Pride1_Sense2
START,ComputeCosine,Pride1_Sense2,43414862918255,Kimehecc,Pride1_Sense2
STOP,ComputeCosine,Pride1_Sense2,43414862947646,Kimehecc,Pride1_Sense2
STOP,Collect1,Pride2_Sense1,43414896866071,Kimehecc,Pride2_Sense1
START,ComputeScalar2,Pride2_Sense1,43414897106199,Kimehecc,Pride2_Sense1
START,ComputeScalar1,Pride2_Sense1,43414898891778,Kimehecc,Pride2_Sense1
STOP,ComputeScalar1,Pride2_Sense1,43414899265196,Kimehecc,Pride2_Sense1
QUEUE,ComputeScalar1,Pride2_Sense1,43414899277302,Kimehecc,Pride2_Sense1
STOP,ComputeScalar2,Pride2_Sense1,43414953598830,Kimehecc,Pride2_Sense1
QUEUE,ComputeScalar2,Pride2_Sense1,43414953774667,Kimehecc,Pride2_Sense1
START,ComputeCosine,Pride2_Sense1,43414953962063,Kimehecc,Pride2_Sense1
STOP,ComputeCosine,Pride2_Sense1,43414953985831,Kimehecc,Pride2_Sense1
QUEUE,Tokenize2,Pride3_Sense5,43415019236163,Kimehecc,Pride3_Sense5
START,Tokenize2,Pride3_Sense5,43415019365207,Kimehecc,Pride3_Sense5
STOP,Tokenize2,Pride3_Sense5,43415024549648,Kimehecc,Pride3_Sense5
QUEUE,Collect2,Pride3_Sense5,43415103123432,Kimehecc,Pride3_Sense5
START,Collect2,Pride3_Sense5,43415103141671,Kimehecc,Pride3_Sense5
STOP,Collect1,Pride2_Sense5,43415102795492,Kimehecc,Pride2_Sense5
START,ComputeScalar1,Pride2_Sense5,43415103638421,Kimehecc,Pride2_Sense5
STOP,ComputeScalar1,Pride2_Sense5,43415103953770,Kimehecc,Pride2_Sense5
QUEUE,ComputeScalar1,Pride2_Sense5,43415103964442,Kimehecc,Pride2_Sense5
STOP,Collect1,Pride2_Sense3,43415029541939,Kimehecc,Pride2_Sense3
START,ComputeScalar1,Pride2_Sense3,43415104570307,Kimehecc,Pride2_Sense3
STOP,ComputeScalar1,Pride2_Sense3,43415104902372,Kimehecc,Pride2_Sense3
QUEUE,ComputeScalar1,Pride2_Sense3,43415104913444,Kimehecc,Pride2_Sense3
QUEUE,Tokenize1,Pride3_Sense5,43415164427747,Kimehecc,Pride3_Sense5
START,Tokenize1,Pride3_Sense5,43415164478539,Kimehecc,Pride3_Sense5
STOP,Tokenize1,Pride3_Sense5,43415165755928,Kimehecc,Pride3_Sense5
QUEUE,Collect1,Pride3_Sense5,43415165927203,Kimehecc,Pride3_Sense5
START,Collect1,Pride3_Sense5,43415165939532,Kimehecc,Pride3_Sense5
QUEUE,Tokenize2,Pride3_Sense6,43415488655151,Kimehecc,Pride3_Sense6
START,Tokenize2,Pride3_Sense6,43415488885248,Kimehecc,Pride3_Sense6
STOP,Collect1,Pride2_Sense6,43415503211683,Kimehecc,Pride2_Sense6
QUEUE,Tokenize1,Pride3_Sense6,43415524203244,Kimehecc,Pride3_Sense6
START,Tokenize1,Pride3_Sense6,43415524266458,Kimehecc,Pride3_Sense6
STOP,Tokenize1,Pride3_Sense6,43415525557815,Kimehecc,Pride3_Sense6
QUEUE,Collect1,Pride3_Sense6,43415525759452,Kimehecc,Pride3_Sense6
START,Collect1,Pride3_Sense6,43415525776248,Kimehecc,Pride3_Sense6
QUEUE,Tokenize1,Pride4_Sense1,43415626591563,Kimehecc,Pride4_Sense1
START,Tokenize1,Pride4_Sense1,43415626669804,Kimehecc,Pride4_Sense1
QUEUE,Tokenize2,Pride4_Sense1,43415629092637,Kimehecc,Pride4_Sense1
START,Tokenize2,Pride4_Sense1,43415629136971,Kimehecc,Pride4_Sense1
STOP,Tokenize2,Pride4_Sense1,43415629529307,Kimehecc,Pride4_Sense1
QUEUE,Collect2,Pride4_Sense1,43415629794129,Kimehecc,Pride4_Sense1
START,Collect2,Pride4_Sense1,43415629843307,Kimehecc,Pride4_Sense1
STOP,Tokenize1,Pride4_Sense1,43415640275941,Kimehecc,Pride4_Sense1
QUEUE,Collect1,Pride4_Sense1,43415649281253,Kimehecc,Pride4_Sense1
START,Collect1,Pride4_Sense1,43415649311896,Kimehecc,Pride4_Sense1
STOP,Tokenize2,Pride3_Sense6,43415676051377,Kimehecc,Pride3_Sense6
QUEUE,Collect2,Pride3_Sense6,43415676230092,Kimehecc,Pride3_Sense6
START,Collect2,Pride3_Sense6,43415676240360,Kimehecc,Pride3_Sense6
START,ComputeScalar1,Pride2_Sense6,43415755235284,Kimehecc,Pride2_Sense6
STOP,ComputeScalar1,Pride2_Sense6,43415755884310,Kimehecc,Pride2_Sense6
QUEUE,ComputeScalar1,Pride2_Sense6,43415755992756,Kimehecc,Pride2_Sense6
QUEUE,Tokenize1,Pride4_Sense2,43415995757163,Kimehecc,Pride4_Sense2
START,Tokenize1,Pride4_Sense2,43415995775892,Kimehecc,Pride4_Sense2
QUEUE,Tokenize2,Pride4_Sense2,43415996598272,Kimehecc,Pride4_Sense2
START,Tokenize2,Pride4_Sense2,43415996619146,Kimehecc,Pride4_Sense2
STOP,Tokenize2,Pride4_Sense2,43415997555307,Kimehecc,Pride4_Sense2
QUEUE,Collect2,Pride4_Sense2,43416022647398,Kimehecc,Pride4_Sense2
START,Collect2,Pride4_Sense2,43416022684304,Kimehecc,Pride4_Sense2
STOP,Tokenize1,Pride4_Sense2,43416114691452,Kimehecc,Pride4_Sense2
QUEUE,Collect1,Pride4_Sense2,43416114917230,Kimehecc,Pride4_Sense2
START,Collect1,Pride4_Sense2,43416114927418,Kimehecc,Pride4_Sense2
STOP,Collect2,Pride4_Sense1,43416166392807,Kimehecc,Pride4_Sense1
START,ComputeScalar3,Pride4_Sense1,43416166802934,Kimehecc,Pride4_Sense1
STOP,ComputeScalar3,Pride4_Sense1,43416166994665,Kimehecc,Pride4_Sense1
QUEUE,ComputeScalar3,Pride4_Sense1,43416167003833,Kimehecc,Pride4_Sense1
STOP,Collect2,Pride3_Sense2,43416227758922,Kimehecc,Pride3_Sense2
START,ComputeScalar3,Pride3_Sense2,43416283833866,Kimehecc,Pride3_Sense2
STOP,ComputeScalar3,Pride3_Sense2,43416284100269,Kimehecc,Pride3_Sense2
QUEUE,ComputeScalar3,Pride3_Sense2,43416284131141,Kimehecc,Pride3_Sense2
QUEUE,Tokenize2,Pride4_Sense3,43416472403852,Kimehecc,Pride4_Sense3
QUEUE,Tokenize1,Pride4_Sense3,43416472404310,Kimehecc,Pride4_Sense3
START,Tokenize1,Pride4_Sense3,43416472455394,Kimehecc,Pride4_Sense3
START,Tokenize2,Pride4_Sense3,43416472421116,Kimehecc,Pride4_Sense3
STOP,Tokenize2,Pride4_Sense3,43416474114911,Kimehecc,Pride4_Sense3
QUEUE,Collect2,Pride4_Sense3,43416474364635,Kimehecc,Pride4_Sense3
START,Collect2,Pride4_Sense3,43416474379755,Kimehecc,Pride4_Sense3
STOP,Tokenize1,Pride4_Sense3,43416474937345,Kimehecc,Pride4_Sense3
QUEUE,Collect1,Pride4_Sense3,43416475109008,Kimehecc,Pride4_Sense3
START,Collect1,Pride4_Sense3,43416475122322,Kimehecc,Pride4_Sense3
QUEUE,Tokenize1,Pride4_Sense4,43416636421374,Kimehecc,Pride4_Sense4
START,Tokenize1,Pride4_Sense4,43416636468902,Kimehecc,Pride4_Sense4
STOP,Tokenize1,Pride4_Sense4,43416638894877,Kimehecc,Pride4_Sense4
QUEUE,Tokenize2,Pride4_Sense4,43416638909184,Kimehecc,Pride4_Sense4
START,Tokenize2,Pride4_Sense4,43416639104523,Kimehecc,Pride4_Sense4
STOP,Tokenize2,Pride4_Sense4,43416649692485,Kimehecc,Pride4_Sense4
QUEUE,Collect2,Pride4_Sense4,43416650045970,Kimehecc,Pride4_Sense4
START,Collect2,Pride4_Sense4,43416653609360,Kimehecc,Pride4_Sense4
QUEUE,Collect1,Pride4_Sense4,43416639023602,Kimehecc,Pride4_Sense4
START,Collect1,Pride4_Sense4,43416714420252,Kimehecc,Pride4_Sense4
QUEUE,Tokenize1,Pride4_Sense5,43417152366441,Kimehecc,Pride4_Sense5
START,Tokenize1,Pride4_Sense5,43417152379196,Kimehecc,Pride4_Sense5
QUEUE,Tokenize2,Pride4_Sense5,43417154806901,Kimehecc,Pride4_Sense5
START,Tokenize2,Pride4_Sense5,43417154826570,Kimehecc,Pride4_Sense5
STOP,Tokenize1,Pride4_Sense5,43417154918904,Kimehecc,Pride4_Sense5
QUEUE,Collect1,Pride4_Sense5,43417156100391,Kimehecc,Pride4_Sense5
START,Collect1,Pride4_Sense5,43417156114990,Kimehecc,Pride4_Sense5
STOP,Tokenize2,Pride4_Sense5,43417167890590,Kimehecc,Pride4_Sense5
QUEUE,Collect2,Pride4_Sense5,43417168224771,Kimehecc,Pride4_Sense5
START,Collect2,Pride4_Sense5,43417168238656,Kimehecc,Pride4_Sense5
QUEUE,Tokenize1,Pride4_Sense6,43417621958883,Kimehecc,Pride4_Sense6
START,Tokenize1,Pride4_Sense6,43417621969343,Kimehecc,Pride4_Sense6
QUEUE,Tokenize2,Pride4_Sense6,43417625812279,Kimehecc,Pride4_Sense6
START,Tokenize2,Pride4_Sense6,43417625837295,Kimehecc,Pride4_Sense6
STOP,Tokenize1,Pride4_Sense6,43417632923137,Kimehecc,Pride4_Sense6
QUEUE,Collect1,Pride4_Sense6,43417633468396,Kimehecc,Pride4_Sense6
START,Collect1,Pride4_Sense6,43417633531517,Kimehecc,Pride4_Sense6
STOP,Tokenize2,Pride4_Sense6,43417759234061,Kimehecc,Pride4_Sense6
QUEUE,Collect2,Pride4_Sense6,43417759469151,Kimehecc,Pride4_Sense6
START,Collect2,Pride4_Sense6,43417759507412,Kimehecc,Pride4_Sense6
QUEUE,Tokenize1,Pride5_Sense2,43419278707540,Kimehecc,Pride5_Sense2
START,Tokenize1,Pride5_Sense2,43419278740200,Kimehecc,Pride5_Sense2
QUEUE,Tokenize2,Pride5_Sense2,43419282593445,Kimehecc,Pride5_Sense2
START,Tokenize2,Pride5_Sense2,43419282663683,Kimehecc,Pride5_Sense2
STOP,Tokenize1,Pride5_Sense2,43419283171699,Kimehecc,Pride5_Sense2
STOP,Tokenize2,Pride5_Sense2,43419283288402,Kimehecc,Pride5_Sense2
QUEUE,Collect2,Pride5_Sense2,43419283431784,Kimehecc,Pride5_Sense2
START,Collect2,Pride5_Sense2,43419283551364,Kimehecc,Pride5_Sense2
QUEUE,Collect1,Pride5_Sense2,43419300269116,Kimehecc,Pride5_Sense2
START,Collect1,Pride5_Sense2,43419300318013,Kimehecc,Pride5_Sense2
QUEUE,Tokenize1,Pride5_Sense1,43419393132899,Kimehecc,Pride5_Sense1
START,Tokenize1,Pride5_Sense1,43419393145038,Kimehecc,Pride5_Sense1
QUEUE,Tokenize2,Pride5_Sense1,43419393299067,Kimehecc,Pride5_Sense1
START,Tokenize2,Pride5_Sense1,43419393313715,Kimehecc,Pride5_Sense1
STOP,Tokenize2,Pride5_Sense1,43419393680875,Kimehecc,Pride5_Sense1
QUEUE,Collect2,Pride5_Sense1,43419393760407,Kimehecc,Pride5_Sense1
START,Collect2,Pride5_Sense1,43419393768376,Kimehecc,Pride5_Sense1
STOP,Tokenize1,Pride5_Sense1,43419446055490,Kimehecc,Pride5_Sense1
QUEUE,Collect1,Pride5_Sense1,43419481215910,Kimehecc,Pride5_Sense1
START,Collect1,Pride5_Sense1,43419481285730,Kimehecc,Pride5_Sense1
QUEUE,Tokenize1,Pride5_Sense3,43419915574292,Kimehecc,Pride5_Sense3
START,Tokenize1,Pride5_Sense3,43419915584842,Kimehecc,Pride5_Sense3
QUEUE,Tokenize2,Pride5_Sense3,43419915774328,Kimehecc,Pride5_Sense3
START,Tokenize2,Pride5_Sense3,43419915787937,Kimehecc,Pride5_Sense3
STOP,Tokenize2,Pride5_Sense3,43419933376818,Kimehecc,Pride5_Sense3
QUEUE,Collect2,Pride5_Sense3,43419933511259,Kimehecc,Pride5_Sense3
START,Collect2,Pride5_Sense3,43419933520688,Kimehecc,Pride5_Sense3
STOP,Tokenize1,Pride5_Sense3,43419937355418,Kimehecc,Pride5_Sense3
QUEUE,Collect1,Pride5_Sense3,43419937532471,Kimehecc,Pride5_Sense3
START,Collect1,Pride5_Sense3,43419937542359,Kimehecc,Pride5_Sense3
QUEUE,Tokenize1,Pride5_Sense4,43420542405300,Kimehecc,Pride5_Sense4
START,Tokenize1,Pride5_Sense4,43420542418757,Kimehecc,Pride5_Sense4
STOP,Tokenize1,Pride5_Sense4,43420547989047,Kimehecc,Pride5_Sense4
QUEUE,Tokenize2,Pride5_Sense4,43420548209063,Kimehecc,Pride5_Sense4
START,Tokenize2,Pride5_Sense4,43420548219145,Kimehecc,Pride5_Sense4
STOP,Tokenize2,Pride5_Sense4,43420550622649,Kimehecc,Pride5_Sense4
QUEUE,Collect1,Pride5_Sense4,43420551854113,Kimehecc,Pride5_Sense4
START,Collect1,Pride5_Sense4,43420552218038,Kimehecc,Pride5_Sense4
QUEUE,Collect2,Pride5_Sense4,43420552081106,Kimehecc,Pride5_Sense4
START,Collect2,Pride5_Sense4,43420555617642,Kimehecc,Pride5_Sense4
STOP,Collect2,Pride4_Sense2,43420809976705,Kimehecc,Pride4_Sense2
START,ComputeScalar3,Pride4_Sense2,43420810319329,Kimehecc,Pride4_Sense2
STOP,ComputeScalar3,Pride4_Sense2,43420810480968,Kimehecc,Pride4_Sense2
QUEUE,ComputeScalar3,Pride4_Sense2,43420810486386,Kimehecc,Pride4_Sense2
STOP,Collect2,Pride5_Sense1,43420866960929,Kimehecc,Pride5_Sense1
START,ComputeScalar3,Pride5_Sense1,43420867269497,Kimehecc,Pride5_Sense1
STOP,ComputeScalar3,Pride5_Sense1,43420867378020,Kimehecc,Pride5_Sense1
QUEUE,ComputeScalar3,Pride5_Sense1,43420867383321,Kimehecc,Pride5_Sense1
QUEUE,Tokenize1,Pride5_Sense5,43421022514707,Kimehecc,Pride5_Sense5
START,Tokenize1,Pride5_Sense5,43421022522367,Kimehecc,Pride5_Sense5
QUEUE,Tokenize2,Pride5_Sense5,43421028257176,Kimehecc,Pride5_Sense5
START,Tokenize2,Pride5_Sense5,43421028542887,Kimehecc,Pride5_Sense5
STOP,Tokenize1,Pride5_Sense5,43421032311215,Kimehecc,Pride5_Sense5
QUEUE,Collect1,Pride5_Sense5,43421032732095,Kimehecc,Pride5_Sense5
START,Collect1,Pride5_Sense5,43421032811453,Kimehecc,Pride5_Sense5
STOP,Tokenize2,Pride5_Sense5,43421039696079,Kimehecc,Pride5_Sense5
QUEUE,Collect2,Pride5_Sense5,43421040039387,Kimehecc,Pride5_Sense5
START,Collect2,Pride5_Sense5,43421040108546,Kimehecc,Pride5_Sense5
STOP,Collect2,Pride2_Sense3,43421880726563,Kimehecc,Pride2_Sense3
START,ComputeScalar2,Pride2_Sense3,43421880948743,Kimehecc,Pride2_Sense3
START,ComputeScalar3,Pride2_Sense3,43421881100737,Kimehecc,Pride2_Sense3
STOP,ComputeScalar3,Pride2_Sense3,43421881712411,Kimehecc,Pride2_Sense3
QUEUE,ComputeScalar3,Pride2_Sense3,43421881724543,Kimehecc,Pride2_Sense3
STOP,ComputeScalar2,Pride2_Sense3,43421902496201,Kimehecc,Pride2_Sense3
QUEUE,ComputeScalar2,Pride2_Sense3,43421902545048,Kimehecc,Pride2_Sense3
START,ComputeCosine,Pride2_Sense3,43421902640915,Kimehecc,Pride2_Sense3
STOP,ComputeCosine,Pride2_Sense3,43421902684211,Kimehecc,Pride2_Sense3
QUEUE,Tokenize1,Pride5_Sense6,43422392940506,Kimehecc,Pride5_Sense6
START,Tokenize1,Pride5_Sense6,43422392951895,Kimehecc,Pride5_Sense6
QUEUE,Tokenize2,Pride5_Sense6,43422393598845,Kimehecc,Pride5_Sense6
START,Tokenize2,Pride5_Sense6,43422393616653,Kimehecc,Pride5_Sense6
STOP,Tokenize1,Pride5_Sense6,43422401315013,Kimehecc,Pride5_Sense6
QUEUE,Collect1,Pride5_Sense6,43422401454125,Kimehecc,Pride5_Sense6
START,Collect1,Pride5_Sense6,43422401482411,Kimehecc,Pride5_Sense6
STOP,Tokenize2,Pride5_Sense6,43422405957277,Kimehecc,Pride5_Sense6
QUEUE,Collect2,Pride5_Sense6,43423380216213,Kimehecc,Pride5_Sense6
START,Collect2,Pride5_Sense6,43423380253732,Kimehecc,Pride5_Sense6
STOP,Collect2,Pride1_Sense3,43423603434427,Kimehecc,Pride1_Sense3
START,ComputeScalar2,Pride1_Sense3,43423603734281,Kimehecc,Pride1_Sense3
STOP,ComputeScalar2,Pride1_Sense3,43423605772690,Kimehecc,Pride1_Sense3
QUEUE,ComputeScalar2,Pride1_Sense3,43423605790277,Kimehecc,Pride1_Sense3
START,ComputeScalar3,Pride1_Sense3,43423612230149,Kimehecc,Pride1_Sense3
STOP,ComputeScalar3,Pride1_Sense3,43423612799642,Kimehecc,Pride1_Sense3
QUEUE,ComputeScalar3,Pride1_Sense3,43423612817781,Kimehecc,Pride1_Sense3
START,ComputeCosine,Pride1_Sense3,43423612918516,Kimehecc,Pride1_Sense3
STOP,ComputeCosine,Pride1_Sense3,43423612959491,Kimehecc,Pride1_Sense3
QUEUE,Tokenize1,Pride6_Sense1,43423703475947,Kimehecc,Pride6_Sense1
START,Tokenize1,Pride6_Sense1,43423703483700,Kimehecc,Pride6_Sense1
QUEUE,Tokenize2,Pride6_Sense1,43423703769210,Kimehecc,Pride6_Sense1
START,Tokenize2,Pride6_Sense1,43423703785026,Kimehecc,Pride6_Sense1
STOP,Tokenize2,Pride6_Sense1,43423704168578,Kimehecc,Pride6_Sense1
QUEUE,Collect2,Pride6_Sense1,43423704442706,Kimehecc,Pride6_Sense1
START,Collect2,Pride6_Sense1,43423704455434,Kimehecc,Pride6_Sense1
STOP,Tokenize1,Pride6_Sense1,43423837126294,Kimehecc,Pride6_Sense1
QUEUE,Collect1,Pride6_Sense1,43423935710718,Kimehecc,Pride6_Sense1
START,Collect1,Pride6_Sense1,43423935766298,Kimehecc,Pride6_Sense1
QUEUE,Tokenize2,Pride6_Sense2,43424209105824,Kimehecc,Pride6_Sense2
START,Tokenize2,Pride6_Sense2,43424209114137,Kimehecc,Pride6_Sense2
STOP,Tokenize2,Pride6_Sense2,43424209826443,Kimehecc,Pride6_Sense2
QUEUE,Collect2,Pride6_Sense2,43424209860887,Kimehecc,Pride6_Sense2
START,Collect2,Pride6_Sense2,43424209870063,Kimehecc,Pride6_Sense2
QUEUE,Tokenize1,Pride6_Sense2,43424291530778,Kimehecc,Pride6_Sense2
START,Tokenize1,Pride6_Sense2,43424291558575,Kimehecc,Pride6_Sense2
STOP,Tokenize1,Pride6_Sense2,43424615873514,Kimehecc,Pride6_Sense2
QUEUE,Collect1,Pride6_Sense2,43424625163087,Kimehecc,Pride6_Sense2
START,Collect1,Pride6_Sense2,43424625202524,Kimehecc,Pride6_Sense2
STOP,Collect2,Pride6_Sense1,43424710360924,Kimehecc,Pride6_Sense1
START,ComputeScalar3,Pride6_Sense1,43424712122626,Kimehecc,Pride6_Sense1
STOP,ComputeScalar3,Pride6_Sense1,43424712291700,Kimehecc,Pride6_Sense1
QUEUE,ComputeScalar3,Pride6_Sense1,43424712322437,Kimehecc,Pride6_Sense1
QUEUE,Tokenize1,Pride6_Sense3,43424942168084,Kimehecc,Pride6_Sense3
START,Tokenize1,Pride6_Sense3,43424942180468,Kimehecc,Pride6_Sense3
QUEUE,Tokenize2,Pride6_Sense3,43425019306985,Kimehecc,Pride6_Sense3
START,Tokenize2,Pride6_Sense3,43425019979726,Kimehecc,Pride6_Sense3
STOP,Tokenize2,Pride6_Sense3,43425021317084,Kimehecc,Pride6_Sense3
QUEUE,Collect2,Pride6_Sense3,43425021540749,Kimehecc,Pride6_Sense3
START,Collect2,Pride6_Sense3,43425021607616,Kimehecc,Pride6_Sense3
STOP,Tokenize1,Pride6_Sense3,43425252576450,Kimehecc,Pride6_Sense3
QUEUE,Collect1,Pride6_Sense3,43425308364595,Kimehecc,Pride6_Sense3
START,Collect1,Pride6_Sense3,43425308403266,Kimehecc,Pride6_Sense3
STOP,Collect2,Pride5_Sense2,43425395567220,Kimehecc,Pride5_Sense2
START,ComputeScalar3,Pride5_Sense2,43425592271122,Kimehecc,Pride5_Sense2
STOP,ComputeScalar3,Pride5_Sense2,43425592471514,Kimehecc,Pride5_Sense2
QUEUE,ComputeScalar3,Pride5_Sense2,43425592496389,Kimehecc,Pride5_Sense2
QUEUE,Tokenize1,Pride6_Sense4,43425608264960,Kimehecc,Pride6_Sense4
START,Tokenize1,Pride6_Sense4,43425608317219,Kimehecc,Pride6_Sense4
QUEUE,Tokenize2,Pride6_Sense4,43425612184061,Kimehecc,Pride6_Sense4
START,Tokenize2,Pride6_Sense4,43425612205810,Kimehecc,Pride6_Sense4
STOP,Tokenize1,Pride6_Sense4,43425619960670,Kimehecc,Pride6_Sense4
STOP,Tokenize2,Pride6_Sense4,43425633983694,Kimehecc,Pride6_Sense4
QUEUE,Collect2,Pride6_Sense4,43425634270006,Kimehecc,Pride6_Sense4
START,Collect2,Pride6_Sense4,43425634286687,Kimehecc,Pride6_Sense4
QUEUE,Collect1,Pride6_Sense4,43425776706892,Kimehecc,Pride6_Sense4
START,Collect1,Pride6_Sense4,43425776776051,Kimehecc,Pride6_Sense4
QUEUE,Tokenize1,Pride6_Sense5,43426517498495,Kimehecc,Pride6_Sense5
START,Tokenize1,Pride6_Sense5,43426517519917,Kimehecc,Pride6_Sense5
QUEUE,Tokenize2,Pride6_Sense6,43426518149505,Kimehecc,Pride6_Sense6
START,Tokenize2,Pride6_Sense6,43426518166811,Kimehecc,Pride6_Sense6
QUEUE,Tokenize1,Pride6_Sense6,43426519901802,Kimehecc,Pride6_Sense6
START,Tokenize1,Pride6_Sense6,43426519917213,Kimehecc,Pride6_Sense6
QUEUE,Tokenize2,Pride6_Sense5,43426520389369,Kimehecc,Pride6_Sense5
START,Tokenize2,Pride6_Sense5,43426520405839,Kimehecc,Pride6_Sense5
STOP,Tokenize1,Pride6_Sense6,43427773572102,Kimehecc,Pride6_Sense6
QUEUE,Collect1,Pride6_Sense6,43427774183964,Kimehecc,Pride6_Sense6
START,Collect1,Pride6_Sense6,43427774589246,Kimehecc,Pride6_Sense6
STOP,Tokenize2,Pride6_Sense6,43427777411867,Kimehecc,Pride6_Sense6
STOP,Tokenize2,Pride6_Sense5,43427784415940,Kimehecc,Pride6_Sense5
QUEUE,Collect2,Pride6_Sense6,43427787422288,Kimehecc,Pride6_Sense6
START,Collect2,Pride6_Sense6,43427787494341,Kimehecc,Pride6_Sense6
STOP,Tokenize1,Pride6_Sense5,43427797468720,Kimehecc,Pride6_Sense5
QUEUE,Collect2,Pride6_Sense5,43427801854941,Kimehecc,Pride6_Sense5
START,Collect2,Pride6_Sense5,43427801928517,Kimehecc,Pride6_Sense5
QUEUE,Collect1,Pride6_Sense5,43427801854911,Kimehecc,Pride6_Sense5
START,Collect1,Pride6_Sense5,43427805141219,Kimehecc,Pride6_Sense5
STOP,Collect1,Pride3_Sense1,43427829193372,Kimehecc,Pride3_Sense1
START,ComputeScalar2,Pride3_Sense1,43427829465532,Kimehecc,Pride3_Sense1
STOP,ComputeScalar2,Pride3_Sense1,43427983191335,Kimehecc,Pride3_Sense1
QUEUE,ComputeScalar2,Pride3_Sense1,43427983237220,Kimehecc,Pride3_Sense1
START,ComputeScalar1,Pride3_Sense1,43427983531820,Kimehecc,Pride3_Sense1
STOP,ComputeScalar1,Pride3_Sense1,43427984044177,Kimehecc,Pride3_Sense1
QUEUE,ComputeScalar1,Pride3_Sense1,43427984076737,Kimehecc,Pride3_Sense1
START,ComputeCosine,Pride3_Sense1,43427984164341,Kimehecc,Pride3_Sense1
STOP,ComputeCosine,Pride3_Sense1,43427984188920,Kimehecc,Pride3_Sense1
STOP,Collect1,Pride3_Sense2,43429989497056,Kimehecc,Pride3_Sense2
START,ComputeScalar2,Pride3_Sense2,43429990482976,Kimehecc,Pride3_Sense2
START,ComputeScalar1,Pride3_Sense2,43429990945658,Kimehecc,Pride3_Sense2
STOP,ComputeScalar1,Pride3_Sense2,43429991420419,Kimehecc,Pride3_Sense2
QUEUE,ComputeScalar1,Pride3_Sense2,43429991427233,Kimehecc,Pride3_Sense2
STOP,ComputeScalar2,Pride3_Sense2,43429996719232,Kimehecc,Pride3_Sense2
QUEUE,ComputeScalar2,Pride3_Sense2,43429996886597,Kimehecc,Pride3_Sense2
START,ComputeCosine,Pride3_Sense2,43429997050671,Kimehecc,Pride3_Sense2
STOP,ComputeCosine,Pride3_Sense2,43429997074553,Kimehecc,Pride3_Sense2
STOP,Collect2,Pride6_Sense2,43430844207671,Kimehecc,Pride6_Sense2
START,ComputeScalar3,Pride6_Sense2,43430844537580,Kimehecc,Pride6_Sense2
STOP,ComputeScalar3,Pride6_Sense2,43430844795011,Kimehecc,Pride6_Sense2
QUEUE,ComputeScalar3,Pride6_Sense2,43430844805810,Kimehecc,Pride6_Sense2
STOP,Collect1,Pride3_Sense5,43431025337872,Kimehecc,Pride3_Sense5
START,ComputeScalar1,Pride3_Sense5,43431025848841,Kimehecc,Pride3_Sense5
STOP,ComputeScalar1,Pride3_Sense5,43431026432363,Kimehecc,Pride3_Sense5
QUEUE,ComputeScalar1,Pride3_Sense5,43431026523764,Kimehecc,Pride3_Sense5
STOP,Collect1,Pride3_Sense3,43431065133851,Kimehecc,Pride3_Sense3
START,ComputeScalar1,Pride3_Sense3,43431066092009,Kimehecc,Pride3_Sense3
STOP,ComputeScalar1,Pride3_Sense3,43431066957507,Kimehecc,Pride3_Sense3
QUEUE,ComputeScalar1,Pride3_Sense3,43431067210838,Kimehecc,Pride3_Sense3
STOP,Collect2,Pride3_Sense3,43432468809287,Kimehecc,Pride3_Sense3
START,ComputeScalar2,Pride3_Sense3,43432477565507,Kimehecc,Pride3_Sense3
START,ComputeScalar3,Pride3_Sense3,43432522444452,Kimehecc,Pride3_Sense3
STOP,ComputeScalar3,Pride3_Sense3,43432523241394,Kimehecc,Pride3_Sense3
QUEUE,ComputeScalar3,Pride3_Sense3,43432523278895,Kimehecc,Pride3_Sense3
STOP,ComputeScalar2,Pride3_Sense3,43432595301990,Kimehecc,Pride3_Sense3
QUEUE,ComputeScalar2,Pride3_Sense3,43432595518086,Kimehecc,Pride3_Sense3
START,ComputeCosine,Pride3_Sense3,43432595665872,Kimehecc,Pride3_Sense3
STOP,ComputeCosine,Pride3_Sense3,43432595692095,Kimehecc,Pride3_Sense3
STOP,Collect1,Pride3_Sense4,43433582355713,Kimehecc,Pride3_Sense4
START,ComputeScalar1,Pride3_Sense4,43433588297520,Kimehecc,Pride3_Sense4
STOP,ComputeScalar1,Pride3_Sense4,43433588760891,Kimehecc,Pride3_Sense4
QUEUE,ComputeScalar1,Pride3_Sense4,43433588768020,Kimehecc,Pride3_Sense4
STOP,Collect1,Pride3_Sense6,43434544667231,Kimehecc,Pride3_Sense6
START,ComputeScalar1,Pride3_Sense6,43434545040647,Kimehecc,Pride3_Sense6
STOP,ComputeScalar1,Pride3_Sense6,43434545520713,Kimehecc,Pride3_Sense6
QUEUE,ComputeScalar1,Pride3_Sense6,43434545530210,Kimehecc,Pride3_Sense6
STOP,Collect2,Pride4_Sense3,43436360533031,Kimehecc,Pride4_Sense3
START,ComputeScalar3,Pride4_Sense3,43436360785172,Kimehecc,Pride4_Sense3
STOP,ComputeScalar3,Pride4_Sense3,43436361223572,Kimehecc,Pride4_Sense3
QUEUE,ComputeScalar3,Pride4_Sense3,43436361230670,Kimehecc,Pride4_Sense3
STOP,Collect2,Pride5_Sense3,43437818854885,Kimehecc,Pride5_Sense3
START,ComputeScalar3,Pride5_Sense3,43437819726005,Kimehecc,Pride5_Sense3
STOP,ComputeScalar3,Pride5_Sense3,43437821083758,Kimehecc,Pride5_Sense3
QUEUE,ComputeScalar3,Pride5_Sense3,43437821124163,Kimehecc,Pride5_Sense3
STOP,Collect2,Pride6_Sense3,43445415405405,Kimehecc,Pride6_Sense3
START,ComputeScalar3,Pride6_Sense3,43445415663943,Kimehecc,Pride6_Sense3
STOP,ComputeScalar3,Pride6_Sense3,43445415981865,Kimehecc,Pride6_Sense3
QUEUE,ComputeScalar3,Pride6_Sense3,43445492218886,Kimehecc,Pride6_Sense3
STOP,Collect2,Pride1_Sense4,43474145344671,Kimehecc,Pride1_Sense4
START,ComputeScalar2,Pride1_Sense4,43474145565208,Kimehecc,Pride1_Sense4
STOP,ComputeScalar2,Pride1_Sense4,43474149063615,Kimehecc,Pride1_Sense4
QUEUE,ComputeScalar2,Pride1_Sense4,43474149152990,Kimehecc,Pride1_Sense4
START,ComputeScalar3,Pride1_Sense4,43474160135112,Kimehecc,Pride1_Sense4
STOP,ComputeScalar3,Pride1_Sense4,43474161232802,Kimehecc,Pride1_Sense4
QUEUE,ComputeScalar3,Pride1_Sense4,43474161282274,Kimehecc,Pride1_Sense4
START,ComputeCosine,Pride1_Sense4,43474161346116,Kimehecc,Pride1_Sense4
STOP,ComputeCosine,Pride1_Sense4,43474161389780,Kimehecc,Pride1_Sense4
STOP,Collect2,Pride4_Sense4,43480558396271,Kimehecc,Pride4_Sense4
START,ComputeScalar3,Pride4_Sense4,43480558681030,Kimehecc,Pride4_Sense4
STOP,ComputeScalar3,Pride4_Sense4,43480559456138,Kimehecc,Pride4_Sense4
QUEUE,ComputeScalar3,Pride4_Sense4,43480559498767,Kimehecc,Pride4_Sense4
STOP,Collect2,Pride2_Sense4,43481664656419,Kimehecc,Pride2_Sense4
START,ComputeScalar2,Pride2_Sense4,43481724144264,Kimehecc,Pride2_Sense4
START,ComputeScalar3,Pride2_Sense4,43481728354053,Kimehecc,Pride2_Sense4
STOP,ComputeScalar3,Pride2_Sense4,43481729558592,Kimehecc,Pride2_Sense4
QUEUE,ComputeScalar3,Pride2_Sense4,43481729596390,Kimehecc,Pride2_Sense4
STOP,ComputeScalar2,Pride2_Sense4,43481768685508,Kimehecc,Pride2_Sense4
QUEUE,ComputeScalar2,Pride2_Sense4,43481768788330,Kimehecc,Pride2_Sense4
START,ComputeCosine,Pride2_Sense4,43481768980643,Kimehecc,Pride2_Sense4
STOP,ComputeCosine,Pride2_Sense4,43481769011288,Kimehecc,Pride2_Sense4
STOP,Collect1,Pride4_Sense6,43483162821075,Kimehecc,Pride4_Sense6
START,ComputeScalar1,Pride4_Sense6,43483163118696,Kimehecc,Pride4_Sense6
STOP,ComputeScalar1,Pride4_Sense6,43483163851859,Kimehecc,Pride4_Sense6
QUEUE,ComputeScalar1,Pride4_Sense6,43483163883168,Kimehecc,Pride4_Sense6
STOP,Collect2,Pride3_Sense4,43484944351093,Kimehecc,Pride3_Sense4
START,ComputeScalar2,Pride3_Sense4,43484944496309,Kimehecc,Pride3_Sense4
START,ComputeScalar3,Pride3_Sense4,43484956177434,Kimehecc,Pride3_Sense4
STOP,ComputeScalar3,Pride3_Sense4,43484956982303,Kimehecc,Pride3_Sense4
QUEUE,ComputeScalar3,Pride3_Sense4,43484957018915,Kimehecc,Pride3_Sense4
STOP,ComputeScalar2,Pride3_Sense4,43484962905206,Kimehecc,Pride3_Sense4
QUEUE,ComputeScalar2,Pride3_Sense4,43484962965169,Kimehecc,Pride3_Sense4
START,ComputeCosine,Pride3_Sense4,43484963029280,Kimehecc,Pride3_Sense4
STOP,ComputeCosine,Pride3_Sense4,43484963044403,Kimehecc,Pride3_Sense4
STOP,Collect1,Pride4_Sense3,43484992690607,Kimehecc,Pride4_Sense3
START,ComputeScalar2,Pride4_Sense3,43484992868619,Kimehecc,Pride4_Sense3
START,ComputeScalar1,Pride4_Sense3,43484993042654,Kimehecc,Pride4_Sense3
STOP,ComputeScalar1,Pride4_Sense3,43484993718502,Kimehecc,Pride4_Sense3
QUEUE,ComputeScalar1,Pride4_Sense3,43484993727275,Kimehecc,Pride4_Sense3
STOP,ComputeScalar2,Pride4_Sense3,43485185754888,Kimehecc,Pride4_Sense3
QUEUE,ComputeScalar2,Pride4_Sense3,43485185814626,Kimehecc,Pride4_Sense3
START,ComputeCosine,Pride4_Sense3,43485232074741,Kimehecc,Pride4_Sense3
STOP,ComputeCosine,Pride4_Sense3,43485232136606,Kimehecc,Pride4_Sense3
STOP,Collect1,Pride4_Sense1,43485683049643,Kimehecc,Pride4_Sense1
START,ComputeScalar2,Pride4_Sense1,43485751841667,Kimehecc,Pride4_Sense1
STOP,ComputeScalar2,Pride4_Sense1,43485758836347,Kimehecc,Pride4_Sense1
QUEUE,ComputeScalar2,Pride4_Sense1,43485758886368,Kimehecc,Pride4_Sense1
START,ComputeScalar1,Pride4_Sense1,43485759049867,Kimehecc,Pride4_Sense1
STOP,ComputeScalar1,Pride4_Sense1,43485759498133,Kimehecc,Pride4_Sense1
QUEUE,ComputeScalar1,Pride4_Sense1,43485759504951,Kimehecc,Pride4_Sense1
START,ComputeCosine,Pride4_Sense1,43485759536131,Kimehecc,Pride4_Sense1
STOP,ComputeCosine,Pride4_Sense1,43485759550635,Kimehecc,Pride4_Sense1
STOP,Collect1,Pride4_Sense5,43485949986179,Kimehecc,Pride4_Sense5
START,ComputeScalar1,Pride4_Sense5,43485950331054,Kimehecc,Pride4_Sense5
STOP,ComputeScalar1,Pride4_Sense5,43485951637920,Kimehecc,Pride4_Sense5
QUEUE,ComputeScalar1,Pride4_Sense5,43485951742812,Kimehecc,Pride4_Sense5
STOP,Collect1,Pride4_Sense2,43486083048536,Kimehecc,Pride4_Sense2
START,ComputeScalar2,Pride4_Sense2,43486134585082,Kimehecc,Pride4_Sense2
START,ComputeScalar1,Pride4_Sense2,43486134614125,Kimehecc,Pride4_Sense2
STOP,ComputeScalar1,Pride4_Sense2,43486135317156,Kimehecc,Pride4_Sense2
QUEUE,ComputeScalar1,Pride4_Sense2,43486135350070,Kimehecc,Pride4_Sense2
STOP,ComputeScalar2,Pride4_Sense2,43486171418755,Kimehecc,Pride4_Sense2
QUEUE,ComputeScalar2,Pride4_Sense2,43486171598636,Kimehecc,Pride4_Sense2
START,ComputeCosine,Pride4_Sense2,43486171770214,Kimehecc,Pride4_Sense2
STOP,ComputeCosine,Pride4_Sense2,43486171791327,Kimehecc,Pride4_Sense2
STOP,Collect1,Pride4_Sense4,43486806260910,Kimehecc,Pride4_Sense4
START,ComputeScalar2,Pride4_Sense4,43486806442916,Kimehecc,Pride4_Sense4
START,ComputeScalar1,Pride4_Sense4,43486835716365,Kimehecc,Pride4_Sense4
STOP,ComputeScalar1,Pride4_Sense4,43486836582631,Kimehecc,Pride4_Sense4
QUEUE,ComputeScalar1,Pride4_Sense4,43486836621916,Kimehecc,Pride4_Sense4
STOP,ComputeScalar2,Pride4_Sense4,43486898022654,Kimehecc,Pride4_Sense4
QUEUE,ComputeScalar2,Pride4_Sense4,43486898102835,Kimehecc,Pride4_Sense4
START,ComputeCosine,Pride4_Sense4,43486898195206,Kimehecc,Pride4_Sense4
STOP,ComputeCosine,Pride4_Sense4,43486898218625,Kimehecc,Pride4_Sense4
STOP,Collect2,Pride5_Sense4,43492971022167,Kimehecc,Pride5_Sense4
START,ComputeScalar3,Pride5_Sense4,43492971465391,Kimehecc,Pride5_Sense4
STOP,ComputeScalar3,Pride5_Sense4,43492972217862,Kimehecc,Pride5_Sense4
QUEUE,ComputeScalar3,Pride5_Sense4,43492972249724,Kimehecc,Pride5_Sense4
STOP,Collect2,Pride6_Sense4,43497120924482,Kimehecc,Pride6_Sense4
START,ComputeScalar3,Pride6_Sense4,43497121230951,Kimehecc,Pride6_Sense4
STOP,ComputeScalar3,Pride6_Sense4,43497121854367,Kimehecc,Pride6_Sense4
QUEUE,ComputeScalar3,Pride6_Sense4,43497121861187,Kimehecc,Pride6_Sense4
STOP,Collect2,Pride1_Sense5,43624725974379,Kimehecc,Pride1_Sense5
START,ComputeScalar2,Pride1_Sense5,43624726207629,Kimehecc,Pride1_Sense5
STOP,ComputeScalar2,Pride1_Sense5,43624731279330,Kimehecc,Pride1_Sense5
QUEUE,ComputeScalar2,Pride1_Sense5,43624731506344,Kimehecc,Pride1_Sense5
START,ComputeScalar3,Pride1_Sense5,43624743857420,Kimehecc,Pride1_Sense5
STOP,ComputeScalar3,Pride1_Sense5,43624744844509,Kimehecc,Pride1_Sense5
QUEUE,ComputeScalar3,Pride1_Sense5,43624744903020,Kimehecc,Pride1_Sense5
START,ComputeCosine,Pride1_Sense5,43624744959226,Kimehecc,Pride1_Sense5
STOP,ComputeCosine,Pride1_Sense5,43624744985964,Kimehecc,Pride1_Sense5
STOP,Collect2,Pride5_Sense5,43626890490108,Kimehecc,Pride5_Sense5
START,ComputeScalar3,Pride5_Sense5,43626890940559,Kimehecc,Pride5_Sense5
STOP,ComputeScalar3,Pride5_Sense5,43626891464461,Kimehecc,Pride5_Sense5
QUEUE,ComputeScalar3,Pride5_Sense5,43626891496628,Kimehecc,Pride5_Sense5
STOP,Collect2,Pride4_Sense5,43632316643346,Kimehecc,Pride4_Sense5
START,ComputeScalar2,Pride4_Sense5,43632316773807,Kimehecc,Pride4_Sense5
START,ComputeScalar3,Pride4_Sense5,43632348237818,Kimehecc,Pride4_Sense5
STOP,ComputeScalar3,Pride4_Sense5,43632348877018,Kimehecc,Pride4_Sense5
QUEUE,ComputeScalar3,Pride4_Sense5,43632348912223,Kimehecc,Pride4_Sense5
STOP,ComputeScalar2,Pride4_Sense5,43632449045993,Kimehecc,Pride4_Sense5
QUEUE,ComputeScalar2,Pride4_Sense5,43632449109956,Kimehecc,Pride4_Sense5
START,ComputeCosine,Pride4_Sense5,43632449173790,Kimehecc,Pride4_Sense5
STOP,ComputeCosine,Pride4_Sense5,43632449190838,Kimehecc,Pride4_Sense5
STOP,Collect2,Pride6_Sense5,43651040274704,Kimehecc,Pride6_Sense5
START,ComputeScalar3,Pride6_Sense5,43651040766461,Kimehecc,Pride6_Sense5
STOP,ComputeScalar3,Pride6_Sense5,43651041594737,Kimehecc,Pride6_Sense5
QUEUE,ComputeScalar3,Pride6_Sense5,43651041630025,Kimehecc,Pride6_Sense5
STOP,Collect1,Pride5_Sense4,43651462370803,Kimehecc,Pride5_Sense4
START,ComputeScalar2,Pride5_Sense4,43651492887885,Kimehecc,Pride5_Sense4
START,ComputeScalar1,Pride5_Sense4,43651492982636,Kimehecc,Pride5_Sense4
STOP,ComputeScalar1,Pride5_Sense4,43651495136631,Kimehecc,Pride5_Sense4
QUEUE,ComputeScalar1,Pride5_Sense4,43651495268965,Kimehecc,Pride5_Sense4
STOP,ComputeScalar2,Pride5_Sense4,43652031832000,Kimehecc,Pride5_Sense4
QUEUE,ComputeScalar2,Pride5_Sense4,43652057835826,Kimehecc,Pride5_Sense4
START,ComputeCosine,Pride5_Sense4,43652057999098,Kimehecc,Pride5_Sense4
STOP,ComputeCosine,Pride5_Sense4,43652058042170,Kimehecc,Pride5_Sense4
STOP,Collect1,Pride5_Sense2,43655337079210,Kimehecc,Pride5_Sense2
START,ComputeScalar2,Pride5_Sense2,43655337924274,Kimehecc,Pride5_Sense2
START,ComputeScalar1,Pride5_Sense2,43655359390337,Kimehecc,Pride5_Sense2
STOP,ComputeScalar1,Pride5_Sense2,43655361276185,Kimehecc,Pride5_Sense2
QUEUE,ComputeScalar1,Pride5_Sense2,43655361529136,Kimehecc,Pride5_Sense2
STOP,ComputeScalar2,Pride5_Sense2,43655691526951,Kimehecc,Pride5_Sense2
QUEUE,ComputeScalar2,Pride5_Sense2,43655692174232,Kimehecc,Pride5_Sense2
START,ComputeCosine,Pride5_Sense2,43655692612853,Kimehecc,Pride5_Sense2
STOP,ComputeCosine,Pride5_Sense2,43655692790927,Kimehecc,Pride5_Sense2
STOP,Collect1,Pride5_Sense1,43658757872028,Kimehecc,Pride5_Sense1
START,ComputeScalar2,Pride5_Sense1,43658758406473,Kimehecc,Pride5_Sense1
START,ComputeScalar1,Pride5_Sense1,43658786402042,Kimehecc,Pride5_Sense1
STOP,ComputeScalar1,Pride5_Sense1,43658787780716,Kimehecc,Pride5_Sense1
QUEUE,ComputeScalar1,Pride5_Sense1,43658787887620,Kimehecc,Pride5_Sense1
STOP,ComputeScalar2,Pride5_Sense1,43658981762586,Kimehecc,Pride5_Sense1
QUEUE,ComputeScalar2,Pride5_Sense1,43658982247374,Kimehecc,Pride5_Sense1
START,ComputeCosine,Pride5_Sense1,43658982441439,Kimehecc,Pride5_Sense1
STOP,ComputeCosine,Pride5_Sense1,43658982480186,Kimehecc,Pride5_Sense1
STOP,Collect1,Pride5_Sense6,43665166554906,Kimehecc,Pride5_Sense6
START,ComputeScalar1,Pride5_Sense6,43665167067659,Kimehecc,Pride5_Sense6
STOP,ComputeScalar1,Pride5_Sense6,43665172080574,Kimehecc,Pride5_Sense6
QUEUE,ComputeScalar1,Pride5_Sense6,43665172234494,Kimehecc,Pride5_Sense6
STOP,Collect2,Pride3_Sense5,43672291352392,Kimehecc,Pride3_Sense5
START,ComputeScalar2,Pride3_Sense5,43672291848288,Kimehecc,Pride3_Sense5
START,ComputeScalar3,Pride3_Sense5,43672326394644,Kimehecc,Pride3_Sense5
STOP,ComputeScalar3,Pride3_Sense5,43672328987574,Kimehecc,Pride3_Sense5
QUEUE,ComputeScalar3,Pride3_Sense5,43672347761009,Kimehecc,Pride3_Sense5
STOP,ComputeScalar2,Pride3_Sense5,43672445845628,Kimehecc,Pride3_Sense5
QUEUE,ComputeScalar2,Pride3_Sense5,43672464407138,Kimehecc,Pride3_Sense5
START,ComputeCosine,Pride3_Sense5,43672464758639,Kimehecc,Pride3_Sense5
STOP,ComputeCosine,Pride3_Sense5,43672464797903,Kimehecc,Pride3_Sense5
STOP,Collect2,Pride2_Sense5,43676258616313,Kimehecc,Pride2_Sense5
START,ComputeScalar2,Pride2_Sense5,43676278367096,Kimehecc,Pride2_Sense5
START,ComputeScalar3,Pride2_Sense5,43676288031145,Kimehecc,Pride2_Sense5
STOP,ComputeScalar3,Pride2_Sense5,43676289523580,Kimehecc,Pride2_Sense5
QUEUE,ComputeScalar3,Pride2_Sense5,43676289630289,Kimehecc,Pride2_Sense5
STOP,ComputeScalar2,Pride2_Sense5,43676350542553,Kimehecc,Pride2_Sense5
QUEUE,ComputeScalar2,Pride2_Sense5,43676351170902,Kimehecc,Pride2_Sense5
START,ComputeCosine,Pride2_Sense5,43676351510004,Kimehecc,Pride2_Sense5
STOP,ComputeCosine,Pride2_Sense5,43676351571164,Kimehecc,Pride2_Sense5
STOP,Collect1,Pride5_Sense5,43687253429987,Kimehecc,Pride5_Sense5
START,ComputeScalar2,Pride5_Sense5,43687274577743,Kimehecc,Pride5_Sense5
START,ComputeScalar1,Pride5_Sense5,43687285726953,Kimehecc,Pride5_Sense5
STOP,ComputeScalar1,Pride5_Sense5,43687290221849,Kimehecc,Pride5_Sense5
QUEUE,ComputeScalar1,Pride5_Sense5,43687290452479,Kimehecc,Pride5_Sense5
STOP,ComputeScalar2,Pride5_Sense5,43687654805203,Kimehecc,Pride5_Sense5
QUEUE,ComputeScalar2,Pride5_Sense5,43687655229229,Kimehecc,Pride5_Sense5
START,ComputeCosine,Pride5_Sense5,43687671822501,Kimehecc,Pride5_Sense5
STOP,ComputeCosine,Pride5_Sense5,43687671952158,Kimehecc,Pride5_Sense5
STOP,Collect1,Pride5_Sense3,43690805201708,Kimehecc,Pride5_Sense3
START,ComputeScalar2,Pride5_Sense3,43690812751608,Kimehecc,Pride5_Sense3
START,ComputeScalar1,Pride5_Sense3,43690824698930,Kimehecc,Pride5_Sense3
STOP,ComputeScalar1,Pride5_Sense3,43690826997014,Kimehecc,Pride5_Sense3
QUEUE,ComputeScalar1,Pride5_Sense3,43690827204447,Kimehecc,Pride5_Sense3
STOP,ComputeScalar2,Pride5_Sense3,43691082185998,Kimehecc,Pride5_Sense3
QUEUE,ComputeScalar2,Pride5_Sense3,43691086789394,Kimehecc,Pride5_Sense3
START,ComputeCosine,Pride5_Sense3,43691088872755,Kimehecc,Pride5_Sense3
STOP,ComputeCosine,Pride5_Sense3,43691088936693,Kimehecc,Pride5_Sense3
STOP,Collect1,Pride6_Sense1,44085730162878,Kimehecc,Pride6_Sense1
START,ComputeScalar2,Pride6_Sense1,44085730565478,Kimehecc,Pride6_Sense1
START,ComputeScalar1,Pride6_Sense1,44085742746193,Kimehecc,Pride6_Sense1
STOP,ComputeScalar1,Pride6_Sense1,44085743608050,Kimehecc,Pride6_Sense1
QUEUE,ComputeScalar1,Pride6_Sense1,44085743644955,Kimehecc,Pride6_Sense1
STOP,ComputeScalar2,Pride6_Sense1,44085861132576,Kimehecc,Pride6_Sense1
QUEUE,ComputeScalar2,Pride6_Sense1,44085861214738,Kimehecc,Pride6_Sense1
START,ComputeCosine,Pride6_Sense1,44085861319154,Kimehecc,Pride6_Sense1
STOP,ComputeCosine,Pride6_Sense1,44085861348454,Kimehecc,Pride6_Sense1
STOP,Collect2,Pride5_Sense6,44086155800237,Kimehecc,Pride5_Sense6
START,ComputeScalar2,Pride5_Sense6,44086156731429,Kimehecc,Pride5_Sense6
START,ComputeScalar3,Pride5_Sense6,44086157029463,Kimehecc,Pride5_Sense6
STOP,ComputeScalar3,Pride5_Sense6,44086158664212,Kimehecc,Pride5_Sense6
QUEUE,ComputeScalar3,Pride5_Sense6,44086158678626,Kimehecc,Pride5_Sense6
STOP,ComputeScalar2,Pride5_Sense6,44086347443705,Kimehecc,Pride5_Sense6
QUEUE,ComputeScalar2,Pride5_Sense6,44086347510496,Kimehecc,Pride5_Sense6
START,ComputeCosine,Pride5_Sense6,44086347593964,Kimehecc,Pride5_Sense6
STOP,ComputeCosine,Pride5_Sense6,44086347617146,Kimehecc,Pride5_Sense6
STOP,Collect1,Pride6_Sense2,44096348816127,Kimehecc,Pride6_Sense2
START,ComputeScalar2,Pride6_Sense2,44096352605967,Kimehecc,Pride6_Sense2
START,ComputeScalar1,Pride6_Sense2,44096359701057,Kimehecc,Pride6_Sense2
STOP,ComputeScalar1,Pride6_Sense2,44096360918469,Kimehecc,Pride6_Sense2
QUEUE,ComputeScalar1,Pride6_Sense2,44096360995725,Kimehecc,Pride6_Sense2
STOP,ComputeScalar2,Pride6_Sense2,44096505650049,Kimehecc,Pride6_Sense2
QUEUE,ComputeScalar2,Pride6_Sense2,44096510230797,Kimehecc,Pride6_Sense2
START,ComputeCosine,Pride6_Sense2,44096511239141,Kimehecc,Pride6_Sense2
STOP,ComputeCosine,Pride6_Sense2,44096511281406,Kimehecc,Pride6_Sense2
STOP,Collect2,Pride1_Sense6,44099065419410,Kimehecc,Pride1_Sense6
START,ComputeScalar2,Pride1_Sense6,44099066334540,Kimehecc,Pride1_Sense6
START,ComputeScalar3,Pride1_Sense6,44099072612378,Kimehecc,Pride1_Sense6
STOP,ComputeScalar3,Pride1_Sense6,44099073775671,Kimehecc,Pride1_Sense6
QUEUE,ComputeScalar3,Pride1_Sense6,44099073834460,Kimehecc,Pride1_Sense6
STOP,ComputeScalar2,Pride1_Sense6,44099075049575,Kimehecc,Pride1_Sense6
QUEUE,ComputeScalar2,Pride1_Sense6,44099075122866,Kimehecc,Pride1_Sense6
START,ComputeCosine,Pride1_Sense6,44099075199815,Kimehecc,Pride1_Sense6
STOP,ComputeCosine,Pride1_Sense6,44099075228699,Kimehecc,Pride1_Sense6
STOP,Collect2,Pride4_Sense6,44106845623392,Kimehecc,Pride4_Sense6
START,ComputeScalar2,Pride4_Sense6,44106850689936,Kimehecc,Pride4_Sense6
START,ComputeScalar3,Pride4_Sense6,44106859162006,Kimehecc,Pride4_Sense6
STOP,ComputeScalar3,Pride4_Sense6,44106860192533,Kimehecc,Pride4_Sense6
QUEUE,ComputeScalar3,Pride4_Sense6,44106860241945,Kimehecc,Pride4_Sense6
STOP,ComputeScalar2,Pride4_Sense6,44106963818527,Kimehecc,Pride4_Sense6
QUEUE,ComputeScalar2,Pride4_Sense6,44106963922877,Kimehecc,Pride4_Sense6
START,ComputeCosine,Pride4_Sense6,44106964069682,Kimehecc,Pride4_Sense6
STOP,ComputeCosine,Pride4_Sense6,44106971194217,Kimehecc,Pride4_Sense6
STOP,Collect2,Pride3_Sense6,44113955850863,Kimehecc,Pride3_Sense6
START,ComputeScalar2,Pride3_Sense6,44113957502229,Kimehecc,Pride3_Sense6
START,ComputeScalar3,Pride3_Sense6,44113964817325,Kimehecc,Pride3_Sense6
STOP,ComputeScalar3,Pride3_Sense6,44113974440264,Kimehecc,Pride3_Sense6
QUEUE,ComputeScalar3,Pride3_Sense6,44113977787888,Kimehecc,Pride3_Sense6
STOP,ComputeScalar2,Pride3_Sense6,44114014258117,Kimehecc,Pride3_Sense6
QUEUE,ComputeScalar2,Pride3_Sense6,44114014458045,Kimehecc,Pride3_Sense6
START,ComputeCosine,Pride3_Sense6,44114015444352,Kimehecc,Pride3_Sense6
STOP,ComputeCosine,Pride3_Sense6,44114015577078,Kimehecc,Pride3_Sense6
STOP,Collect2,Pride2_Sense6,44121432229795,Kimehecc,Pride2_Sense6
START,ComputeScalar2,Pride2_Sense6,44121433707525,Kimehecc,Pride2_Sense6
START,ComputeScalar3,Pride2_Sense6,44121433767989,Kimehecc,Pride2_Sense6
STOP,ComputeScalar3,Pride2_Sense6,44121434875887,Kimehecc,Pride2_Sense6
QUEUE,ComputeScalar3,Pride2_Sense6,44121434886334,Kimehecc,Pride2_Sense6
STOP,ComputeScalar2,Pride2_Sense6,44121460554878,Kimehecc,Pride2_Sense6
QUEUE,ComputeScalar2,Pride2_Sense6,44121460662923,Kimehecc,Pride2_Sense6
START,ComputeCosine,Pride2_Sense6,44121460767762,Kimehecc,Pride2_Sense6
STOP,ComputeCosine,Pride2_Sense6,44121460795956,Kimehecc,Pride2_Sense6
STOP,Collect1,Pride6_Sense3,44127854998629,Kimehecc,Pride6_Sense3
START,ComputeScalar2,Pride6_Sense3,44127855488858,Kimehecc,Pride6_Sense3
START,ComputeScalar1,Pride6_Sense3,44127856625412,Kimehecc,Pride6_Sense3
STOP,ComputeScalar1,Pride6_Sense3,44127857745260,Kimehecc,Pride6_Sense3
QUEUE,ComputeScalar1,Pride6_Sense3,44127857758492,Kimehecc,Pride6_Sense3
STOP,ComputeScalar2,Pride6_Sense3,44127966047909,Kimehecc,Pride6_Sense3
QUEUE,ComputeScalar2,Pride6_Sense3,44127967495683,Kimehecc,Pride6_Sense3
START,ComputeCosine,Pride6_Sense3,44127967656151,Kimehecc,Pride6_Sense3
STOP,ComputeCosine,Pride6_Sense3,44127967789480,Kimehecc,Pride6_Sense3
STOP,Collect2,Pride6_Sense6,44130317536472,Kimehecc,Pride6_Sense6
START,ComputeScalar3,Pride6_Sense6,44130317910593,Kimehecc,Pride6_Sense6
STOP,ComputeScalar3,Pride6_Sense6,44130319085455,Kimehecc,Pride6_Sense6
QUEUE,ComputeScalar3,Pride6_Sense6,44130319104034,Kimehecc,Pride6_Sense6
STOP,Collect1,Pride6_Sense5,44131095832475,Kimehecc,Pride6_Sense5
START,ComputeScalar2,Pride6_Sense5,44131097387370,Kimehecc,Pride6_Sense5
START,ComputeScalar1,Pride6_Sense5,44131097644660,Kimehecc,Pride6_Sense5
STOP,ComputeScalar1,Pride6_Sense5,44131098987853,Kimehecc,Pride6_Sense5
QUEUE,ComputeScalar1,Pride6_Sense5,44131099005652,Kimehecc,Pride6_Sense5
STOP,ComputeScalar2,Pride6_Sense5,44131216369135,Kimehecc,Pride6_Sense5
QUEUE,ComputeScalar2,Pride6_Sense5,44131217188917,Kimehecc,Pride6_Sense5
START,ComputeCosine,Pride6_Sense5,44131217281655,Kimehecc,Pride6_Sense5
STOP,ComputeCosine,Pride6_Sense5,44131217308488,Kimehecc,Pride6_Sense5
STOP,Collect1,Pride6_Sense4,44132275865908,Kimehecc,Pride6_Sense4
START,ComputeScalar2,Pride6_Sense4,44132276049863,Kimehecc,Pride6_Sense4
START,ComputeScalar1,Pride6_Sense4,44132283768425,Kimehecc,Pride6_Sense4
STOP,ComputeScalar1,Pride6_Sense4,44132284876771,Kimehecc,Pride6_Sense4
QUEUE,ComputeScalar1,Pride6_Sense4,44132284919903,Kimehecc,Pride6_Sense4
STOP,ComputeScalar2,Pride6_Sense4,44132321255053,Kimehecc,Pride6_Sense4
QUEUE,ComputeScalar2,Pride6_Sense4,44132321359382,Kimehecc,Pride6_Sense4
START,ComputeCosine,Pride6_Sense4,44132321496180,Kimehecc,Pride6_Sense4
STOP,ComputeCosine,Pride6_Sense4,44132321535172,Kimehecc,Pride6_Sense4
STOP,Collect1,Pride6_Sense6,44135982931931,Kimehecc,Pride6_Sense6
START,ComputeScalar2,Pride6_Sense6,44135983104695,Kimehecc,Pride6_Sense6
START,ComputeScalar1,Pride6_Sense6,44135983810920,Kimehecc,Pride6_Sense6
STOP,ComputeScalar1,Pride6_Sense6,44135984888483,Kimehecc,Pride6_Sense6
QUEUE,ComputeScalar1,Pride6_Sense6,44135984902448,Kimehecc,Pride6_Sense6
STOP,ComputeScalar2,Pride6_Sense6,44136031461246,Kimehecc,Pride6_Sense6
QUEUE,ComputeScalar2,Pride6_Sense6,44136031666278,Kimehecc,Pride6_Sense6
START,ComputeCosine,Pride6_Sense6,44136031780983,Kimehecc,Pride6_Sense6
STOP,ComputeCosine,Pride6_Sense6,44136031802121,Kimehecc,Pride6_Sense6