type,name,input_id,time,team,meas_id
QUEUE,Tokenize1,Pride1,102931152816600,LABPC18,Pride1_Sense1
QUEUE,Tokenize2,Sense1,102931153962600,LABPC18,Pride1_Sense1
START,Tokenize1,Pride1,102931153986000,LABPC18,Pride1_Sense1
START,Tokenize2,Sense1,102931154397000,LABPC18,Pride1_Sense1
START,Collect2,Sense1,102931155735100,LABPC18,Pride1_Sense1
START,Collect1,Pride1,102931156242800,LABPC18,Pride1_Sense1
QUEUE,Collect2,Sense1,102931178855500,LABPC18,Pride1_Sense1
STOP,Tokenize2,Sense1,102931179484400,LABPC18,Pride1_Sense1
QUEUE,ComputeScalar2,Sense1,102931179505800,LABPC18,Pride1_Sense1
QUEUE,Collect1,Pride1,102931179604000,LABPC18,Pride1_Sense1
QUEUE,ComputeScalar3,Pride1_Sense1,102931180030300,LABPC18,Pride1_Sense1
STOP,Tokenize1,Pride1,102931180108100,LABPC18,Pride1_Sense1
QUEUE,ComputeScalar1,Pride1,102931180366900,LABPC18,Pride1_Sense1
START,ComputeScalar2,Sense1,102931180044400,LABPC18,Pride1_Sense1
STOP,Collect2,Sense1,102931181415300,LABPC18,Pride1_Sense1
STOP,Collect1,Pride1,102931181780200,LABPC18,Pride1_Sense1
START,ComputeScalar3,Pride1_Sense1,102931182042200,LABPC18,Pride1_Sense1
START,ComputeScalar1,Pride1,102931181780200,LABPC18,Pride1_Sense1
STOP,ComputeScalar2,Sense1,102931183506500,LABPC18,Pride1_Sense1
STOP,ComputeScalar1,Pride1,102931184345700,LABPC18,Pride1_Sense1
QUEUE,ComputeCosine,Pride1_Sense1,102931185609700,LABPC18,Pride1_Sense1
STOP,ComputeScalar3,Pride1_Sense1,102931186026800,LABPC18,Pride1_Sense1
START,ComputeCosine,Pride1_Sense1,102931186055100,LABPC18,Pride1_Sense1
STOP,ComputeCosine,Pride1_Sense1,102931186605100,LABPC18,Pride1_Sense1
QUEUE,Tokenize1,Pride1,102931198321900,LABPC18,Pride1_Sense2
QUEUE,Tokenize2,Sense2,102931198878100,LABPC18,Pride1_Sense2
START,Tokenize1,Pride1,102931198889700,LABPC18,Pride1_Sense2
START,Tokenize2,Sense2,102931199403000,LABPC18,Pride1_Sense2
START,Collect1,Pride1,102931199566100,LABPC18,Pride1_Sense2
START,Collect2,Sense2,102931199911200,LABPC18,Pride1_Sense2
QUEUE,Collect1,Pride1,102931211527500,LABPC18,Pride1_Sense2
QUEUE,ComputeScalar1,Pride1,102931212212200,LABPC18,Pride1_Sense2
STOP,Tokenize1,Pride1,102931212116500,LABPC18,Pride1_Sense2
STOP,Collect1,Pride1,102931212884600,LABPC18,Pride1_Sense2
START,ComputeScalar1,Pride1,102931212889700,LABPC18,Pride1_Sense2
STOP,ComputeScalar1,Pride1,102931214443400,LABPC18,Pride1_Sense2
QUEUE,Collect2,Sense2,102931217472100,LABPC18,Pride1_Sense2
STOP,Tokenize2,Sense2,102931218009700,LABPC18,Pride1_Sense2
QUEUE,ComputeScalar2,Sense2,102931218028100,LABPC18,Pride1_Sense2
QUEUE,ComputeScalar3,Pride1_Sense2,102931218531400,LABPC18,Pride1_Sense2
START,ComputeScalar2,Sense2,102931218545100,LABPC18,Pride1_Sense2
START,ComputeScalar3,Pride1_Sense2,102931219018400,LABPC18,Pride1_Sense2
STOP,Collect2,Sense2,102931219004800,LABPC18,Pride1_Sense2
STOP,ComputeScalar2,Sense2,102931220521200,LABPC18,Pride1_Sense2
QUEUE,ComputeCosine,Pride1_Sense2,102931220834500,LABPC18,Pride1_Sense2
START,ComputeCosine,Pride1_Sense2,102931221401600,LABPC18,Pride1_Sense2
STOP,ComputeScalar3,Pride1_Sense2,102931221387900,LABPC18,Pride1_Sense2
STOP,ComputeCosine,Pride1_Sense2,102931221895300,LABPC18,Pride1_Sense2
QUEUE,Tokenize1,Pride1,102931242474300,LABPC18,Pride1_Sense3
QUEUE,Tokenize2,Sense3,102931243018800,LABPC18,Pride1_Sense3
START,Tokenize1,Pride1,102931243032500,LABPC18,Pride1_Sense3
START,Tokenize2,Sense3,102931243657700,LABPC18,Pride1_Sense3
START,Collect1,Pride1,102931243827300,LABPC18,Pride1_Sense3
START,Collect2,Sense3,102931244467200,LABPC18,Pride1_Sense3
QUEUE,Collect1,Pride1,102931253819000,LABPC18,Pride1_Sense3
STOP,Tokenize1,Pride1,102931254516000,LABPC18,Pride1_Sense3
QUEUE,ComputeScalar1,Pride1,102931254527600,LABPC18,Pride1_Sense3
STOP,Collect1,Pride1,102931255697100,LABPC18,Pride1_Sense3
START,ComputeScalar1,Pride1,102931255660800,LABPC18,Pride1_Sense3
STOP,ComputeScalar1,Pride1,102931256902200,LABPC18,Pride1_Sense3
QUEUE,Collect2,Sense3,102931266973500,LABPC18,Pride1_Sense3
STOP,Tokenize2,Sense3,102931267643500,LABPC18,Pride1_Sense3
QUEUE,ComputeScalar2,Sense3,102931267669500,LABPC18,Pride1_Sense3
QUEUE,ComputeScalar3,Pride1_Sense3,102931268499100,LABPC18,Pride1_Sense3
START,ComputeScalar2,Sense3,102931268524300,LABPC18,Pride1_Sense3
STOP,Collect2,Sense3,102931269034300,LABPC18,Pride1_Sense3
START,ComputeScalar3,Pride1_Sense3,102931269074700,LABPC18,Pride1_Sense3
STOP,ComputeScalar2,Sense3,102931270861700,LABPC18,Pride1_Sense3
QUEUE,ComputeCosine,Pride1_Sense3,102931271381700,LABPC18,Pride1_Sense3
START,ComputeCosine,Pride1_Sense3,102931271921500,LABPC18,Pride1_Sense3
STOP,ComputeScalar3,Pride1_Sense3,102931271887000,LABPC18,Pride1_Sense3
STOP,ComputeCosine,Pride1_Sense3,102931272381800,LABPC18,Pride1_Sense3
QUEUE,Tokenize1,Pride1,102931291611100,LABPC18,Pride1_Sense4
QUEUE,Tokenize2,Sense4,102931292130600,LABPC18,Pride1_Sense4
START,Tokenize1,Pride1,102931292142900,LABPC18,Pride1_Sense4
START,Collect1,Pride1,102931292743500,LABPC18,Pride1_Sense4
START,Tokenize2,Sense4,102931292729600,LABPC18,Pride1_Sense4
START,Collect2,Sense4,102931293257400,LABPC18,Pride1_Sense4
QUEUE,Collect1,Pride1,102931303910600,LABPC18,Pride1_Sense4
STOP,Tokenize1,Pride1,102931304734600,LABPC18,Pride1_Sense4
QUEUE,ComputeScalar1,Pride1,102931304836600,LABPC18,Pride1_Sense4
STOP,Collect1,Pride1,102931305805500,LABPC18,Pride1_Sense4
START,ComputeScalar1,Pride1,102931306252200,LABPC18,Pride1_Sense4
STOP,ComputeScalar1,Pride1,102931307267300,LABPC18,Pride1_Sense4
QUEUE,Collect2,Sense4,102931337730000,LABPC18,Pride1_Sense4
STOP,Tokenize2,Sense4,102931338264400,LABPC18,Pride1_Sense4
QUEUE,ComputeScalar2,Sense4,102931338272400,LABPC18,Pride1_Sense4
QUEUE,ComputeScalar3,Pride1_Sense4,102931338699200,LABPC18,Pride1_Sense4
START,ComputeScalar2,Sense4,102931338713000,LABPC18,Pride1_Sense4
STOP,Collect2,Sense4,102931339160600,LABPC18,Pride1_Sense4
START,ComputeScalar3,Pride1_Sense4,102931339219400,LABPC18,Pride1_Sense4
QUEUE,ComputeCosine,Pride1_Sense4,102931340609700,LABPC18,Pride1_Sense4
STOP,ComputeScalar3,Pride1_Sense4,102931341104400,LABPC18,Pride1_Sense4
START,ComputeCosine,Pride1_Sense4,102931342434900,LABPC18,Pride1_Sense4
STOP,ComputeScalar2,Sense4,102931342427700,LABPC18,Pride1_Sense4
STOP,ComputeCosine,Pride1_Sense4,102931342835800,LABPC18,Pride1_Sense4
QUEUE,Tokenize1,Pride1,102931368829900,LABPC18,Pride1_Sense5
QUEUE,Tokenize2,Sense5,102931369285100,LABPC18,Pride1_Sense5
START,Tokenize1,Pride1,102931369296100,LABPC18,Pride1_Sense5
START,Tokenize2,Sense5,102931369717500,LABPC18,Pride1_Sense5
START,Collect1,Pride1,102931369792400,LABPC18,Pride1_Sense5
START,Collect2,Sense5,102931370120300,LABPC18,Pride1_Sense5
QUEUE,Collect1,Pride1,102931374105500,LABPC18,Pride1_Sense5
STOP,Tokenize1,Pride1,102931374587300,LABPC18,Pride1_Sense5
QUEUE,ComputeScalar1,Pride1,102931374598500,LABPC18,Pride1_Sense5
START,ComputeScalar1,Pride1,102931375126300,LABPC18,Pride1_Sense5
STOP,Collect1,Pride1,102931375119100,LABPC18,Pride1_Sense5
STOP,ComputeScalar1,Pride1,102931376230300,LABPC18,Pride1_Sense5
QUEUE,Collect2,Sense5,102931406093600,LABPC18,Pride1_Sense5
STOP,Tokenize2,Sense5,102931406791000,LABPC18,Pride1_Sense5
QUEUE,ComputeScalar2,Sense5,102931407388700,LABPC18,Pride1_Sense5
QUEUE,ComputeScalar3,Pride1_Sense5,102931407747800,LABPC18,Pride1_Sense5
START,ComputeScalar2,Sense5,102931407760700,LABPC18,Pride1_Sense5
STOP,Collect2,Sense5,102931408159600,LABPC18,Pride1_Sense5
START,ComputeScalar3,Pride1_Sense5,102931408177500,LABPC18,Pride1_Sense5
QUEUE,ComputeCosine,Pride1_Sense5,102931410195100,LABPC18,Pride1_Sense5
STOP,ComputeScalar3,Pride1_Sense5,102931410773400,LABPC18,Pride1_Sense5
STOP,ComputeScalar2,Sense5,102931412503600,LABPC18,Pride1_Sense5
START,ComputeCosine,Pride1_Sense5,102931412512500,LABPC18,Pride1_Sense5
STOP,ComputeCosine,Pride1_Sense5,102931412963800,LABPC18,Pride1_Sense5
QUEUE,Tokenize1,Pride1,102931460803700,LABPC18,Pride1_Sense6
QUEUE,Tokenize2,Sense6,102931461339700,LABPC18,Pride1_Sense6
START,Tokenize1,Pride1,102931461348500,LABPC18,Pride1_Sense6
START,Tokenize2,Sense6,102931461758400,LABPC18,Pride1_Sense6
START,Collect1,Pride1,102931461951300,LABPC18,Pride1_Sense6
START,Collect2,Sense6,102931462215700,LABPC18,Pride1_Sense6
QUEUE,Collect1,Pride1,102931467384100,LABPC18,Pride1_Sense6
QUEUE,ComputeScalar1,Pride1,102931467980500,LABPC18,Pride1_Sense6
STOP,Tokenize1,Pride1,102931467957200,LABPC18,Pride1_Sense6
START,ComputeScalar1,Pride1,102931468473200,LABPC18,Pride1_Sense6
STOP,Collect1,Pride1,102931468467800,LABPC18,Pride1_Sense6
STOP,ComputeScalar1,Pride1,102931469239100,LABPC18,Pride1_Sense6
QUEUE,Collect2,Sense6,102931518101800,LABPC18,Pride1_Sense6
STOP,Tokenize2,Sense6,102931518690600,LABPC18,Pride1_Sense6
QUEUE,ComputeScalar2,Sense6,102931523100800,LABPC18,Pride1_Sense6
QUEUE,ComputeScalar3,Pride1_Sense6,102931523579700,LABPC18,Pride1_Sense6
START,ComputeScalar2,Sense6,102931523590300,LABPC18,Pride1_Sense6
START,ComputeScalar3,Pride1_Sense6,102931524084300,LABPC18,Pride1_Sense6
STOP,Collect2,Sense6,102931524074400,LABPC18,Pride1_Sense6
QUEUE,ComputeCosine,Pride1_Sense6,102931526046200,LABPC18,Pride1_Sense6
STOP,ComputeScalar3,Pride1_Sense6,102931526710300,LABPC18,Pride1_Sense6
START,ComputeCosine,Pride1_Sense6,102931529972900,LABPC18,Pride1_Sense6
STOP,ComputeScalar2,Sense6,102931529965200,LABPC18,Pride1_Sense6
STOP,ComputeCosine,Pride1_Sense6,102931530517100,LABPC18,Pride1_Sense6
QUEUE,Tokenize1,Pride2,102931535355100,LABPC18,Pride2_Sense1
QUEUE,Tokenize2,Sense1,102931535733600,LABPC18,Pride2_Sense1
START,Tokenize1,Pride2,102931535739600,LABPC18,Pride2_Sense1
START,Tokenize2,Sense1,102931536158300,LABPC18,Pride2_Sense1
START,Collect1,Pride2,102931536230700,LABPC18,Pride2_Sense1
START,Collect2,Sense1,102931536538100,LABPC18,Pride2_Sense1
QUEUE,Collect2,Sense1,102931546294400,LABPC18,Pride2_Sense1
QUEUE,ComputeScalar2,Sense1,102931546805700,LABPC18,Pride2_Sense1
STOP,Tokenize2,Sense1,102931546794700,LABPC18,Pride2_Sense1
QUEUE,ComputeScalar3,Pride2_Sense1,102931547224600,LABPC18,Pride2_Sense1
START,ComputeScalar2,Sense1,102931547240200,LABPC18,Pride2_Sense1
STOP,Collect2,Sense1,102931547569700,LABPC18,Pride2_Sense1
STOP,ComputeScalar2,Sense1,102931547776100,LABPC18,Pride2_Sense1
QUEUE,Collect1,Pride2,102931549204900,LABPC18,Pride2_Sense1
QUEUE,ComputeScalar1,Pride2,102931549650300,LABPC18,Pride2_Sense1
STOP,Tokenize1,Pride2,102931549640900,LABPC18,Pride2_Sense1
STOP,Collect1,Pride2,102931550007800,LABPC18,Pride2_Sense1
START,ComputeScalar3,Pride2_Sense1,102931550025300,LABPC18,Pride2_Sense1
START,ComputeScalar1,Pride2,102931550020300,LABPC18,Pride2_Sense1
STOP,ComputeScalar1,Pride2,102931551113600,LABPC18,Pride2_Sense1
QUEUE,ComputeCosine,Pride2_Sense1,102931551743500,LABPC18,Pride2_Sense1
STOP,ComputeScalar3,Pride2_Sense1,102931552040900,LABPC18,Pride2_Sense1
START,ComputeCosine,Pride2_Sense1,102931552055500,LABPC18,Pride2_Sense1
STOP,ComputeCosine,Pride2_Sense1,102931552469600,LABPC18,Pride2_Sense1
QUEUE,Tokenize1,Pride2,102931558637700,LABPC18,Pride2_Sense2
QUEUE,Tokenize2,Sense2,102931559074800,LABPC18,Pride2_Sense2
START,Tokenize1,Pride2,102931559087100,LABPC18,Pride2_Sense2
START,Tokenize2,Sense2,102931559503800,LABPC18,Pride2_Sense2
START,Collect1,Pride2,102931559567100,LABPC18,Pride2_Sense2
START,Collect2,Sense2,102931559944300,LABPC18,Pride2_Sense2
QUEUE,Collect2,Sense2,102931565675100,LABPC18,Pride2_Sense2
QUEUE,Collect1,Pride2,102931566055300,LABPC18,Pride2_Sense2
STOP,Tokenize2,Sense2,102931566265100,LABPC18,Pride2_Sense2
QUEUE,ComputeScalar2,Sense2,102931566275400,LABPC18,Pride2_Sense2
STOP,Tokenize1,Pride2,102931566564900,LABPC18,Pride2_Sense2
QUEUE,ComputeScalar1,Pride2,102931566595100,LABPC18,Pride2_Sense2
QUEUE,ComputeScalar3,Pride2_Sense2,102931566696700,LABPC18,Pride2_Sense2
START,ComputeScalar2,Sense2,102931566749500,LABPC18,Pride2_Sense2
START,ComputeScalar1,Pride2,102931567057200,LABPC18,Pride2_Sense2
START,ComputeScalar3,Pride2_Sense2,102931567202500,LABPC18,Pride2_Sense2
STOP,Collect2,Sense2,102931567168000,LABPC18,Pride2_Sense2
STOP,Collect1,Pride2,102931567054000,LABPC18,Pride2_Sense2
STOP,ComputeScalar2,Sense2,102931567856000,LABPC18,Pride2_Sense2
STOP,ComputeScalar1,Pride2,102931568342000,LABPC18,Pride2_Sense2
QUEUE,ComputeCosine,Pride2_Sense2,102931569734700,LABPC18,Pride2_Sense2
START,ComputeCosine,Pride2_Sense2,102931570134800,LABPC18,Pride2_Sense2
STOP,ComputeScalar3,Pride2_Sense2,102931570123300,LABPC18,Pride2_Sense2
STOP,ComputeCosine,Pride2_Sense2,102931570491100,LABPC18,Pride2_Sense2
QUEUE,Tokenize1,Pride2,102931579760700,LABPC18,Pride2_Sense3
QUEUE,Tokenize2,Sense3,102931580203000,LABPC18,Pride2_Sense3
START,Tokenize1,Pride2,102931580210300,LABPC18,Pride2_Sense3
START,Tokenize2,Sense3,102931580614300,LABPC18,Pride2_Sense3
START,Collect1,Pride2,102931580675500,LABPC18,Pride2_Sense3
START,Collect2,Sense3,102931581093200,LABPC18,Pride2_Sense3
QUEUE,Collect1,Pride2,102931585446600,LABPC18,Pride2_Sense3
STOP,Tokenize1,Pride2,102931586235500,LABPC18,Pride2_Sense3
QUEUE,ComputeScalar1,Pride2,102931586247300,LABPC18,Pride2_Sense3
STOP,Collect1,Pride2,102931586794400,LABPC18,Pride2_Sense3
START,ComputeScalar1,Pride2,102931586810900,LABPC18,Pride2_Sense3
STOP,ComputeScalar1,Pride2,102931587647600,LABPC18,Pride2_Sense3
QUEUE,Collect2,Sense3,102931588246900,LABPC18,Pride2_Sense3
STOP,Tokenize2,Sense3,102931588547000,LABPC18,Pride2_Sense3
QUEUE,ComputeScalar2,Sense3,102931588953800,LABPC18,Pride2_Sense3
QUEUE,ComputeScalar3,Pride2_Sense3,102931589237300,LABPC18,Pride2_Sense3
START,ComputeScalar2,Sense3,102931589255000,LABPC18,Pride2_Sense3
START,ComputeScalar3,Pride2_Sense3,102931589624400,LABPC18,Pride2_Sense3
STOP,Collect2,Sense3,102931589611000,LABPC18,Pride2_Sense3
STOP,ComputeScalar2,Sense3,102931590161800,LABPC18,Pride2_Sense3
QUEUE,ComputeCosine,Pride2_Sense3,102931591764300,LABPC18,Pride2_Sense3
START,ComputeCosine,Pride2_Sense3,102931592062400,LABPC18,Pride2_Sense3
STOP,ComputeScalar3,Pride2_Sense3,102931592054400,LABPC18,Pride2_Sense3
STOP,ComputeCosine,Pride2_Sense3,102931592414300,LABPC18,Pride2_Sense3
QUEUE,Tokenize1,Pride2,102931604219400,LABPC18,Pride2_Sense4
QUEUE,Tokenize2,Sense4,102931604692500,LABPC18,Pride2_Sense4
START,Tokenize1,Pride2,102931604698000,LABPC18,Pride2_Sense4
START,Collect1,Pride2,102931605224500,LABPC18,Pride2_Sense4
START,Tokenize2,Sense4,102931605203200,LABPC18,Pride2_Sense4
START,Collect2,Sense4,102931605719300,LABPC18,Pride2_Sense4
QUEUE,Collect1,Pride2,102931610192200,LABPC18,Pride2_Sense4
STOP,Tokenize1,Pride2,102931610787100,LABPC18,Pride2_Sense4
QUEUE,ComputeScalar1,Pride2,102931610797200,LABPC18,Pride2_Sense4
START,ComputeScalar1,Pride2,102931611403800,LABPC18,Pride2_Sense4
STOP,Collect1,Pride2,102931611398200,LABPC18,Pride2_Sense4
STOP,ComputeScalar1,Pride2,102931612302000,LABPC18,Pride2_Sense4
QUEUE,Collect2,Sense4,102931616660000,LABPC18,Pride2_Sense4
STOP,Tokenize2,Sense4,102931617211800,LABPC18,Pride2_Sense4
QUEUE,ComputeScalar2,Sense4,102931621947400,LABPC18,Pride2_Sense4
START,ComputeScalar2,Sense4,102931622706100,LABPC18,Pride2_Sense4
QUEUE,ComputeScalar3,Pride2_Sense4,102931622700800,LABPC18,Pride2_Sense4
STOP,Collect2,Sense4,102931623153700,LABPC18,Pride2_Sense4
START,ComputeScalar3,Pride2_Sense4,102931623160800,LABPC18,Pride2_Sense4
STOP,ComputeScalar2,Sense4,102931624482000,LABPC18,Pride2_Sense4
QUEUE,ComputeCosine,Pride2_Sense4,102931625518800,LABPC18,Pride2_Sense4
START,ComputeCosine,Pride2_Sense4,102931625843800,LABPC18,Pride2_Sense4
STOP,ComputeScalar3,Pride2_Sense4,102931625836800,LABPC18,Pride2_Sense4
STOP,ComputeCosine,Pride2_Sense4,102931626283800,LABPC18,Pride2_Sense4
QUEUE,Tokenize1,Pride2,102931645732500,LABPC18,Pride2_Sense5
QUEUE,Tokenize2,Sense5,102931646119900,LABPC18,Pride2_Sense5
START,Tokenize1,Pride2,102931646124500,LABPC18,Pride2_Sense5
START,Tokenize2,Sense5,102931646488800,LABPC18,Pride2_Sense5
START,Collect1,Pride2,102931646540600,LABPC18,Pride2_Sense5
START,Collect2,Sense5,102931646854300,LABPC18,Pride2_Sense5
QUEUE,Collect1,Pride2,102931649764500,LABPC18,Pride2_Sense5
QUEUE,ComputeScalar1,Pride2,102931650308700,LABPC18,Pride2_Sense5
STOP,Tokenize1,Pride2,102931650297700,LABPC18,Pride2_Sense5
STOP,Collect1,Pride2,102931650766500,LABPC18,Pride2_Sense5
START,ComputeScalar1,Pride2,102931650768600,LABPC18,Pride2_Sense5
STOP,ComputeScalar1,Pride2,102931651670600,LABPC18,Pride2_Sense5
QUEUE,Collect2,Sense5,102931663701400,LABPC18,Pride2_Sense5
STOP,Tokenize2,Sense5,102931664299000,LABPC18,Pride2_Sense5
QUEUE,ComputeScalar2,Sense5,102931666539600,LABPC18,Pride2_Sense5
QUEUE,ComputeScalar3,Pride2_Sense5,102931666938700,LABPC18,Pride2_Sense5
START,ComputeScalar2,Sense5,102931666943800,LABPC18,Pride2_Sense5
STOP,Collect2,Sense5,102931667266500,LABPC18,Pride2_Sense5
START,ComputeScalar3,Pride2_Sense5,102931667275800,LABPC18,Pride2_Sense5
STOP,ComputeScalar2,Sense5,102931669360500,LABPC18,Pride2_Sense5
QUEUE,ComputeCosine,Pride2_Sense5,102931670970800,LABPC18,Pride2_Sense5
STOP,ComputeScalar3,Pride2_Sense5,102931671378600,LABPC18,Pride2_Sense5
START,ComputeCosine,Pride2_Sense5,102931671387100,LABPC18,Pride2_Sense5
STOP,ComputeCosine,Pride2_Sense5,102931671717300,LABPC18,Pride2_Sense5
QUEUE,Tokenize1,Pride2,102931706864900,LABPC18,Pride2_Sense6
START,Tokenize1,Pride2,102931707403600,LABPC18,Pride2_Sense6
QUEUE,Tokenize2,Sense6,102931707397100,LABPC18,Pride2_Sense6
START,Tokenize2,Sense6,102931708024500,LABPC18,Pride2_Sense6
START,Collect1,Pride2,102931708036400,LABPC18,Pride2_Sense6
START,Collect2,Sense6,102931708469000,LABPC18,Pride2_Sense6
QUEUE,Collect1,Pride2,102931710377200,LABPC18,Pride2_Sense6
STOP,Tokenize1,Pride2,102931711066300,LABPC18,Pride2_Sense6
QUEUE,ComputeScalar1,Pride2,102931711082500,LABPC18,Pride2_Sense6
STOP,Collect1,Pride2,102931711553000,LABPC18,Pride2_Sense6
START,ComputeScalar1,Pride2,102931711559200,LABPC18,Pride2_Sense6
STOP,ComputeScalar1,Pride2,102931712221500,LABPC18,Pride2_Sense6
QUEUE,Collect2,Sense6,102931743301400,LABPC18,Pride2_Sense6
STOP,Tokenize2,Sense6,102931743796400,LABPC18,Pride2_Sense6
QUEUE,ComputeScalar2,Sense6,102931757728400,LABPC18,Pride2_Sense6
START,ComputeScalar2,Sense6,102931758184900,LABPC18,Pride2_Sense6
QUEUE,ComputeScalar3,Pride2_Sense6,102931758171100,LABPC18,Pride2_Sense6
STOP,Collect2,Sense6,102931758553600,LABPC18,Pride2_Sense6
START,ComputeScalar3,Pride2_Sense6,102931758566800,LABPC18,Pride2_Sense6
QUEUE,ComputeCosine,Pride2_Sense6,102931760681800,LABPC18,Pride2_Sense6
STOP,ComputeScalar3,Pride2_Sense6,102931761037400,LABPC18,Pride2_Sense6
STOP,ComputeScalar2,Sense6,102931761684600,LABPC18,Pride2_Sense6
START,ComputeCosine,Pride2_Sense6,102931761703400,LABPC18,Pride2_Sense6
STOP,ComputeCosine,Pride2_Sense6,102931762037800,LABPC18,Pride2_Sense6
QUEUE,Tokenize1,Pride3,102931768217000,LABPC18,Pride3_Sense1
QUEUE,Tokenize2,Sense1,102931768529300,LABPC18,Pride3_Sense1
START,Tokenize1,Pride3,102931768552000,LABPC18,Pride3_Sense1
START,Tokenize2,Sense1,102931768789400,LABPC18,Pride3_Sense1
START,Collect1,Pride3,102931768872200,LABPC18,Pride3_Sense1
START,Collect2,Sense1,102931769177200,LABPC18,Pride3_Sense1
QUEUE,Collect2,Sense1,102931771119700,LABPC18,Pride3_Sense1
STOP,Tokenize2,Sense1,102931771709300,LABPC18,Pride3_Sense1
QUEUE,ComputeScalar2,Sense1,102931771722000,LABPC18,Pride3_Sense1
QUEUE,ComputeScalar3,Pride3_Sense1,102931772154100,LABPC18,Pride3_Sense1
START,ComputeScalar2,Sense1,102931772159400,LABPC18,Pride3_Sense1
STOP,Collect2,Sense1,102931772513600,LABPC18,Pride3_Sense1
STOP,ComputeScalar2,Sense1,102931772724800,LABPC18,Pride3_Sense1
QUEUE,Collect1,Pride3,102931772712700,LABPC18,Pride3_Sense1
STOP,Tokenize1,Pride3,102931773075800,LABPC18,Pride3_Sense1
QUEUE,ComputeScalar1,Pride3,102931774482000,LABPC18,Pride3_Sense1
STOP,Collect1,Pride3,102931774788400,LABPC18,Pride3_Sense1
START,ComputeScalar3,Pride3_Sense1,102931774795100,LABPC18,Pride3_Sense1
START,ComputeScalar1,Pride3,102931774809200,LABPC18,Pride3_Sense1
STOP,ComputeScalar1,Pride3,102931775993400,LABPC18,Pride3_Sense1
QUEUE,ComputeCosine,Pride3_Sense1,102931777858100,LABPC18,Pride3_Sense1
STOP,ComputeScalar3,Pride3_Sense1,102931778108800,LABPC18,Pride3_Sense1
START,ComputeCosine,Pride3_Sense1,102931778133800,LABPC18,Pride3_Sense1
STOP,ComputeCosine,Pride3_Sense1,102931778412700,LABPC18,Pride3_Sense1
QUEUE,Tokenize1,Pride3,102931785745700,LABPC18,Pride3_Sense2
QUEUE,Tokenize2,Sense2,102931786051300,LABPC18,Pride3_Sense2
START,Tokenize1,Pride3,102931786072900,LABPC18,Pride3_Sense2
START,Tokenize2,Sense2,102931786345400,LABPC18,Pride3_Sense2
START,Collect1,Pride3,102931786438200,LABPC18,Pride3_Sense2
START,Collect2,Sense2,102931786624600,LABPC18,Pride3_Sense2
QUEUE,Collect2,Sense2,102931788650700,LABPC18,Pride3_Sense2
STOP,Tokenize2,Sense2,102931789155900,LABPC18,Pride3_Sense2
QUEUE,ComputeScalar2,Sense2,102931789579800,LABPC18,Pride3_Sense2
QUEUE,ComputeScalar3,Pride3_Sense2,102931790033900,LABPC18,Pride3_Sense2
START,ComputeScalar2,Sense2,102931790047600,LABPC18,Pride3_Sense2
STOP,Collect2,Sense2,102931790624900,LABPC18,Pride3_Sense2
QUEUE,Collect1,Pride3,102931790819400,LABPC18,Pride3_Sense2
STOP,ComputeScalar2,Sense2,102931791013800,LABPC18,Pride3_Sense2
STOP,Tokenize1,Pride3,102931791190600,LABPC18,Pride3_Sense2
QUEUE,ComputeScalar1,Pride3,102931791314800,LABPC18,Pride3_Sense2
STOP,Collect1,Pride3,102931791643900,LABPC18,Pride3_Sense2
START,ComputeScalar1,Pride3,102931791652000,LABPC18,Pride3_Sense2
START,ComputeScalar3,Pride3_Sense2,102931791656300,LABPC18,Pride3_Sense2
STOP,ComputeScalar1,Pride3,102931792832200,LABPC18,Pride3_Sense2
QUEUE,ComputeCosine,Pride3_Sense2,102931794247800,LABPC18,Pride3_Sense2
STOP,ComputeScalar3,Pride3_Sense2,102931794537400,LABPC18,Pride3_Sense2
START,ComputeCosine,Pride3_Sense2,102931794553200,LABPC18,Pride3_Sense2
STOP,ComputeCosine,Pride3_Sense2,102931794975000,LABPC18,Pride3_Sense2
QUEUE,Tokenize1,Pride3,102931804384800,LABPC18,Pride3_Sense3
QUEUE,Tokenize2,Sense3,102931804739100,LABPC18,Pride3_Sense3
START,Tokenize1,Pride3,102931804758400,LABPC18,Pride3_Sense3
START,Tokenize2,Sense3,102931805016900,LABPC18,Pride3_Sense3
START,Collect1,Pride3,102931805109900,LABPC18,Pride3_Sense3
START,Collect2,Sense3,102931805284600,LABPC18,Pride3_Sense3
QUEUE,Collect1,Pride3,102931808686900,LABPC18,Pride3_Sense3
STOP,Tokenize1,Pride3,102931809264400,LABPC18,Pride3_Sense3
QUEUE,Collect2,Sense3,102931809599900,LABPC18,Pride3_Sense3
STOP,Tokenize2,Sense3,102931809939000,LABPC18,Pride3_Sense3
QUEUE,ComputeScalar1,Pride3,102931809945900,LABPC18,Pride3_Sense3
STOP,Collect1,Pride3,102931810461900,LABPC18,Pride3_Sense3
START,ComputeScalar1,Pride3,102931810471500,LABPC18,Pride3_Sense3
QUEUE,ComputeScalar2,Sense3,102931810749700,LABPC18,Pride3_Sense3
START,ComputeScalar2,Sense3,102931811075000,LABPC18,Pride3_Sense3
QUEUE,ComputeScalar3,Pride3_Sense3,102931811065200,LABPC18,Pride3_Sense3
STOP,ComputeScalar1,Pride3,102931811297900,LABPC18,Pride3_Sense3
START,ComputeScalar3,Pride3_Sense3,102931811464600,LABPC18,Pride3_Sense3
STOP,Collect2,Sense3,102931811458900,LABPC18,Pride3_Sense3
STOP,ComputeScalar2,Sense3,102931812158100,LABPC18,Pride3_Sense3
QUEUE,ComputeCosine,Pride3_Sense3,102931813534300,LABPC18,Pride3_Sense3
STOP,ComputeScalar3,Pride3_Sense3,102931813772400,LABPC18,Pride3_Sense3
START,ComputeCosine,Pride3_Sense3,102931813798400,LABPC18,Pride3_Sense3
STOP,ComputeCosine,Pride3_Sense3,102931814095000,LABPC18,Pride3_Sense3
QUEUE,Tokenize1,Pride3,102931827407900,LABPC18,Pride3_Sense4
QUEUE,Tokenize2,Sense4,102931827793900,LABPC18,Pride3_Sense4
START,Tokenize1,Pride3,102931827814100,LABPC18,Pride3_Sense4
START,Tokenize2,Sense4,102931828148100,LABPC18,Pride3_Sense4
START,Collect1,Pride3,102931828237300,LABPC18,Pride3_Sense4
START,Collect2,Sense4,102931828427600,LABPC18,Pride3_Sense4
QUEUE,Collect1,Pride3,102931832037300,LABPC18,Pride3_Sense4
STOP,Tokenize1,Pride3,102931832576200,LABPC18,Pride3_Sense4
QUEUE,ComputeScalar1,Pride3,102931835157100,LABPC18,Pride3_Sense4
STOP,Collect1,Pride3,102931835747400,LABPC18,Pride3_Sense4
START,ComputeScalar1,Pride3,102931835753900,LABPC18,Pride3_Sense4
STOP,ComputeScalar1,Pride3,102931836990100,LABPC18,Pride3_Sense4
QUEUE,Collect2,Sense4,102931845232800,LABPC18,Pride3_Sense4
STOP,Tokenize2,Sense4,102931845657200,LABPC18,Pride3_Sense4
QUEUE,ComputeScalar2,Sense4,102931845683400,LABPC18,Pride3_Sense4
QUEUE,ComputeScalar3,Pride3_Sense4,102931846054800,LABPC18,Pride3_Sense4
START,ComputeScalar2,Sense4,102931846068900,LABPC18,Pride3_Sense4
STOP,Collect2,Sense4,102931846439900,LABPC18,Pride3_Sense4
START,ComputeScalar3,Pride3_Sense4,102931846449800,LABPC18,Pride3_Sense4
STOP,ComputeScalar2,Sense4,102931847355100,LABPC18,Pride3_Sense4
QUEUE,ComputeCosine,Pride3_Sense4,102931847873900,LABPC18,Pride3_Sense4
START,ComputeCosine,Pride3_Sense4,102931848146500,LABPC18,Pride3_Sense4
STOP,ComputeScalar3,Pride3_Sense4,102931848127700,LABPC18,Pride3_Sense4
STOP,ComputeCosine,Pride3_Sense4,102931848578700,LABPC18,Pride3_Sense4
QUEUE,Tokenize1,Pride3,102931870869800,LABPC18,Pride3_Sense5
QUEUE,Tokenize2,Sense5,102931871358000,LABPC18,Pride3_Sense5
START,Tokenize1,Pride3,102931871379400,LABPC18,Pride3_Sense5
START,Tokenize2,Sense5,102931871864800,LABPC18,Pride3_Sense5
START,Collect1,Pride3,102931871908000,LABPC18,Pride3_Sense5
START,Collect2,Sense5,102931872339700,LABPC18,Pride3_Sense5
QUEUE,Collect1,Pride3,102931880144200,LABPC18,Pride3_Sense5
STOP,Tokenize1,Pride3,102931880672400,LABPC18,Pride3_Sense5
QUEUE,ComputeScalar1,Pride3,102931880685300,LABPC18,Pride3_Sense5
START,ComputeScalar1,Pride3,102931881004700,LABPC18,Pride3_Sense5
STOP,Collect1,Pride3,102931881002800,LABPC18,Pride3_Sense5
STOP,ComputeScalar1,Pride3,102931881860000,LABPC18,Pride3_Sense5
QUEUE,Collect2,Sense5,102931898174200,LABPC18,Pride3_Sense5
STOP,Tokenize2,Sense5,102931898702900,LABPC18,Pride3_Sense5
QUEUE,ComputeScalar2,Sense5,102931900638600,LABPC18,Pride3_Sense5
QUEUE,ComputeScalar3,Pride3_Sense5,102931901013300,LABPC18,Pride3_Sense5
START,ComputeScalar2,Sense5,102931901018600,LABPC18,Pride3_Sense5
STOP,Collect2,Sense5,102931901370500,LABPC18,Pride3_Sense5
START,ComputeScalar3,Pride3_Sense5,102931901384000,LABPC18,Pride3_Sense5
STOP,ComputeScalar2,Sense5,102931903695300,LABPC18,Pride3_Sense5
QUEUE,ComputeCosine,Pride3_Sense5,102931903872300,LABPC18,Pride3_Sense5
STOP,ComputeScalar3,Pride3_Sense5,102931904126500,LABPC18,Pride3_Sense5
START,ComputeCosine,Pride3_Sense5,102931904136900,LABPC18,Pride3_Sense5
STOP,ComputeCosine,Pride3_Sense5,102931904479400,LABPC18,Pride3_Sense5
QUEUE,Tokenize1,Pride3,102931941164400,LABPC18,Pride3_Sense6
QUEUE,Tokenize2,Sense6,102931941546400,LABPC18,Pride3_Sense6
START,Tokenize1,Pride3,102931941567500,LABPC18,Pride3_Sense6
START,Tokenize2,Sense6,102931941819100,LABPC18,Pride3_Sense6
START,Collect1,Pride3,102931941929600,LABPC18,Pride3_Sense6
START,Collect2,Sense6,102931942085900,LABPC18,Pride3_Sense6
QUEUE,Collect1,Pride3,102931946817200,LABPC18,Pride3_Sense6
STOP,Tokenize1,Pride3,102931947385600,LABPC18,Pride3_Sense6
QUEUE,ComputeScalar1,Pride3,102931947714800,LABPC18,Pride3_Sense6
STOP,Collect1,Pride3,102931948134900,LABPC18,Pride3_Sense6
START,ComputeScalar1,Pride3,102931948148000,LABPC18,Pride3_Sense6
STOP,ComputeScalar1,Pride3,102931949309600,LABPC18,Pride3_Sense6
QUEUE,Collect2,Sense6,102931971187400,LABPC18,Pride3_Sense6
STOP,Tokenize2,Sense6,102931971634600,LABPC18,Pride3_Sense6
QUEUE,ComputeScalar2,Sense6,102931982747500,LABPC18,Pride3_Sense6
QUEUE,ComputeScalar3,Pride3_Sense6,102931983155900,LABPC18,Pride3_Sense6
START,ComputeScalar2,Sense6,102931983175900,LABPC18,Pride3_Sense6
STOP,Collect2,Sense6,102931983359100,LABPC18,Pride3_Sense6
START,ComputeScalar3,Pride3_Sense6,102931983369700,LABPC18,Pride3_Sense6
QUEUE,ComputeCosine,Pride3_Sense6,102931987090800,LABPC18,Pride3_Sense6
STOP,ComputeScalar3,Pride3_Sense6,102931987537300,LABPC18,Pride3_Sense6
STOP,ComputeScalar2,Sense6,102931988280400,LABPC18,Pride3_Sense6
START,ComputeCosine,Pride3_Sense6,102931988303300,LABPC18,Pride3_Sense6
STOP,ComputeCosine,Pride3_Sense6,102931988588500,LABPC18,Pride3_Sense6
QUEUE,Tokenize1,Pride4,102931998777300,LABPC18,Pride4_Sense1
START,Tokenize1,Pride4,102931999099100,LABPC18,Pride4_Sense1
QUEUE,Tokenize2,Sense1,102931999095600,LABPC18,Pride4_Sense1
START,Tokenize2,Sense1,102931999434500,LABPC18,Pride4_Sense1
START,Collect1,Pride4,102931999457100,LABPC18,Pride4_Sense1
START,Collect2,Sense1,102931999792300,LABPC18,Pride4_Sense1
QUEUE,Collect2,Sense1,102932000882900,LABPC18,Pride4_Sense1
STOP,Tokenize2,Sense1,102932001253600,LABPC18,Pride4_Sense1
QUEUE,ComputeScalar2,Sense1,102932001416700,LABPC18,Pride4_Sense1
QUEUE,ComputeScalar3,Pride4_Sense1,102932001787600,LABPC18,Pride4_Sense1
START,ComputeScalar2,Sense1,102932001796000,LABPC18,Pride4_Sense1
STOP,Collect2,Sense1,102932002127100,LABPC18,Pride4_Sense1
STOP,ComputeScalar2,Sense1,102932002275200,LABPC18,Pride4_Sense1
QUEUE,Collect1,Pride4,102932015037400,LABPC18,Pride4_Sense1
STOP,Tokenize1,Pride4,102932015448400,LABPC18,Pride4_Sense1
QUEUE,ComputeScalar1,Pride4,102932016021800,LABPC18,Pride4_Sense1
START,ComputeScalar3,Pride4_Sense1,102932016305300,LABPC18,Pride4_Sense1
STOP,Collect1,Pride4,102932016299000,LABPC18,Pride4_Sense1
START,ComputeScalar1,Pride4,102932016303000,LABPC18,Pride4_Sense1
STOP,ComputeScalar1,Pride4,102932017762700,LABPC18,Pride4_Sense1
QUEUE,ComputeCosine,Pride4_Sense1,102932018885000,LABPC18,Pride4_Sense1
STOP,ComputeScalar3,Pride4_Sense1,102932019149700,LABPC18,Pride4_Sense1
START,ComputeCosine,Pride4_Sense1,102932019164100,LABPC18,Pride4_Sense1
STOP,ComputeCosine,Pride4_Sense1,102932019439600,LABPC18,Pride4_Sense1
QUEUE,Tokenize1,Pride4,102932030640400,LABPC18,Pride4_Sense2
QUEUE,Tokenize2,Sense2,102932030958100,LABPC18,Pride4_Sense2
START,Tokenize1,Pride4,102932030966700,LABPC18,Pride4_Sense2
START,Tokenize2,Sense2,102932031330300,LABPC18,Pride4_Sense2
START,Collect1,Pride4,102932031351300,LABPC18,Pride4_Sense2
START,Collect2,Sense2,102932031690700,LABPC18,Pride4_Sense2
QUEUE,Collect2,Sense2,102932035790100,LABPC18,Pride4_Sense2
STOP,Tokenize2,Sense2,102932036349900,LABPC18,Pride4_Sense2
QUEUE,ComputeScalar2,Sense2,102932036363200,LABPC18,Pride4_Sense2
QUEUE,ComputeScalar3,Pride4_Sense2,102932036726400,LABPC18,Pride4_Sense2
START,ComputeScalar2,Sense2,102932036742200,LABPC18,Pride4_Sense2
STOP,Collect2,Sense2,102932037076700,LABPC18,Pride4_Sense2
STOP,ComputeScalar2,Sense2,102932037547800,LABPC18,Pride4_Sense2
QUEUE,Collect1,Pride4,102932041587600,LABPC18,Pride4_Sense2
STOP,Tokenize1,Pride4,102932042031900,LABPC18,Pride4_Sense2
QUEUE,ComputeScalar1,Pride4,102932043466100,LABPC18,Pride4_Sense2
STOP,Collect1,Pride4,102932043783700,LABPC18,Pride4_Sense2
START,ComputeScalar1,Pride4,102932043788300,LABPC18,Pride4_Sense2
START,ComputeScalar3,Pride4_Sense2,102932043794000,LABPC18,Pride4_Sense2
STOP,ComputeScalar1,Pride4,102932046042500,LABPC18,Pride4_Sense2
QUEUE,ComputeCosine,Pride4_Sense2,102932047568500,LABPC18,Pride4_Sense2
STOP,ComputeScalar3,Pride4_Sense2,102932047901400,LABPC18,Pride4_Sense2
START,ComputeCosine,Pride4_Sense2,102932047914400,LABPC18,Pride4_Sense2
STOP,ComputeCosine,Pride4_Sense2,102932048283200,LABPC18,Pride4_Sense2
QUEUE,Tokenize1,Pride4,102932061584300,LABPC18,Pride4_Sense3
QUEUE,Tokenize2,Sense3,102932061940000,LABPC18,Pride4_Sense3
START,Tokenize1,Pride4,102932061958800,LABPC18,Pride4_Sense3
START,Tokenize2,Sense3,102932062286500,LABPC18,Pride4_Sense3
START,Collect1,Pride4,102932062317600,LABPC18,Pride4_Sense3
START,Collect2,Sense3,102932062560200,LABPC18,Pride4_Sense3
QUEUE,Collect2,Sense3,102932066362300,LABPC18,Pride4_Sense3
STOP,Tokenize2,Sense3,102932066902400,LABPC18,Pride4_Sense3
QUEUE,ComputeScalar2,Sense3,102932068720500,LABPC18,Pride4_Sense3
START,ComputeScalar2,Sense3,102932069141800,LABPC18,Pride4_Sense3
QUEUE,ComputeScalar3,Pride4_Sense3,102932069128400,LABPC18,Pride4_Sense3
STOP,Collect2,Sense3,102932069525000,LABPC18,Pride4_Sense3
QUEUE,Collect1,Pride4,102932069717000,LABPC18,Pride4_Sense3
STOP,Tokenize1,Pride4,102932069995600,LABPC18,Pride4_Sense3
STOP,ComputeScalar2,Sense3,102932070397400,LABPC18,Pride4_Sense3
QUEUE,ComputeScalar1,Pride4,102932071717200,LABPC18,Pride4_Sense3
STOP,Collect1,Pride4,102932071975300,LABPC18,Pride4_Sense3
START,ComputeScalar3,Pride4_Sense3,102932071986600,LABPC18,Pride4_Sense3
START,ComputeScalar1,Pride4,102932071993500,LABPC18,Pride4_Sense3
STOP,ComputeScalar1,Pride4,102932073646800,LABPC18,Pride4_Sense3
QUEUE,ComputeCosine,Pride4_Sense3,102932075242200,LABPC18,Pride4_Sense3
STOP,ComputeScalar3,Pride4_Sense3,102932075561100,LABPC18,Pride4_Sense3
START,ComputeCosine,Pride4_Sense3,102932075583900,LABPC18,Pride4_Sense3
STOP,ComputeCosine,Pride4_Sense3,102932076104500,LABPC18,Pride4_Sense3
QUEUE,Tokenize1,Pride4,102932093281400,LABPC18,Pride4_Sense4
QUEUE,Tokenize2,Sense4,102932093644700,LABPC18,Pride4_Sense4
START,Tokenize1,Pride4,102932093663900,LABPC18,Pride4_Sense4
START,Tokenize2,Sense4,102932094229400,LABPC18,Pride4_Sense4
START,Collect1,Pride4,102932094329200,LABPC18,Pride4_Sense4
START,Collect2,Sense4,102932094498300,LABPC18,Pride4_Sense4
QUEUE,Collect2,Sense4,102932102536400,LABPC18,Pride4_Sense4
STOP,Tokenize2,Sense4,102932102994900,LABPC18,Pride4_Sense4
QUEUE,ComputeScalar2,Sense4,102932107880100,LABPC18,Pride4_Sense4
START,ComputeScalar2,Sense4,102932108474300,LABPC18,Pride4_Sense4
QUEUE,ComputeScalar3,Pride4_Sense4,102932108465700,LABPC18,Pride4_Sense4
QUEUE,Collect1,Pride4,102932108575100,LABPC18,Pride4_Sense4
STOP,Collect2,Sense4,102932108871700,LABPC18,Pride4_Sense4
STOP,Tokenize1,Pride4,102932108921200,LABPC18,Pride4_Sense4
QUEUE,ComputeScalar1,Pride4,102932108929900,LABPC18,Pride4_Sense4
START,ComputeScalar1,Pride4,102932109301400,LABPC18,Pride4_Sense4
START,ComputeScalar3,Pride4_Sense4,102932109311700,LABPC18,Pride4_Sense4
STOP,Collect1,Pride4,102932109301400,LABPC18,Pride4_Sense4
STOP,ComputeScalar2,Sense4,102932109920600,LABPC18,Pride4_Sense4
STOP,ComputeScalar1,Pride4,102932110690300,LABPC18,Pride4_Sense4
QUEUE,ComputeCosine,Pride4_Sense4,102932111876900,LABPC18,Pride4_Sense4
STOP,ComputeScalar3,Pride4_Sense4,102932112153300,LABPC18,Pride4_Sense4
START,ComputeCosine,Pride4_Sense4,102932112158900,LABPC18,Pride4_Sense4
STOP,ComputeCosine,Pride4_Sense4,102932112468600,LABPC18,Pride4_Sense4
QUEUE,Tokenize1,Pride4,102932137239400,LABPC18,Pride4_Sense5
QUEUE,Tokenize2,Sense5,102932137587000,LABPC18,Pride4_Sense5
START,Tokenize1,Pride4,102932137596200,LABPC18,Pride4_Sense5
START,Collect1,Pride4,102932137905100,LABPC18,Pride4_Sense5
START,Tokenize2,Sense5,102932137882400,LABPC18,Pride4_Sense5
START,Collect2,Sense5,102932138234700,LABPC18,Pride4_Sense5
QUEUE,Collect1,Pride4,102932145462800,LABPC18,Pride4_Sense5
STOP,Tokenize1,Pride4,102932145902700,LABPC18,Pride4_Sense5
QUEUE,ComputeScalar1,Pride4,102932152572700,LABPC18,Pride4_Sense5
START,ComputeScalar1,Pride4,102932153197800,LABPC18,Pride4_Sense5
STOP,Collect1,Pride4,102932153179300,LABPC18,Pride4_Sense5
STOP,ComputeScalar1,Pride4,102932155208600,LABPC18,Pride4_Sense5
QUEUE,Collect2,Sense5,102932165781400,LABPC18,Pride4_Sense5
STOP,Tokenize2,Sense5,102932166214000,LABPC18,Pride4_Sense5
QUEUE,ComputeScalar2,Sense5,102932168754100,LABPC18,Pride4_Sense5
QUEUE,ComputeScalar3,Pride4_Sense5,102932169063300,LABPC18,Pride4_Sense5
START,ComputeScalar2,Sense5,102932169091600,LABPC18,Pride4_Sense5
STOP,Collect2,Sense5,102932169282900,LABPC18,Pride4_Sense5
START,ComputeScalar3,Pride4_Sense5,102932169298400,LABPC18,Pride4_Sense5
STOP,ComputeScalar2,Sense5,102932170721300,LABPC18,Pride4_Sense5
QUEUE,ComputeCosine,Pride4_Sense5,102932171153900,LABPC18,Pride4_Sense5
STOP,ComputeScalar3,Pride4_Sense5,102932171395500,LABPC18,Pride4_Sense5
START,ComputeCosine,Pride4_Sense5,102932171410300,LABPC18,Pride4_Sense5
STOP,ComputeCosine,Pride4_Sense5,102932171780900,LABPC18,Pride4_Sense5
QUEUE,Tokenize1,Pride4,102932211972500,LABPC18,Pride4_Sense6
QUEUE,Tokenize2,Sense6,102932212342000,LABPC18,Pride4_Sense6
START,Tokenize1,Pride4,102932212364200,LABPC18,Pride4_Sense6
START,Tokenize2,Sense6,102932212862500,LABPC18,Pride4_Sense6
START,Collect1,Pride4,102932213047400,LABPC18,Pride4_Sense6
START,Collect2,Sense6,102932213152400,LABPC18,Pride4_Sense6
QUEUE,Collect1,Pride4,102932222279200,LABPC18,Pride4_Sense6
STOP,Tokenize1,Pride4,102932222787700,LABPC18,Pride4_Sense6
QUEUE,ComputeScalar1,Pride4,102932224892600,LABPC18,Pride4_Sense6
STOP,Collect1,Pride4,102932225280200,LABPC18,Pride4_Sense6
START,ComputeScalar1,Pride4,102932225289700,LABPC18,Pride4_Sense6
STOP,ComputeScalar1,Pride4,102932226815000,LABPC18,Pride4_Sense6
QUEUE,Collect2,Sense6,102932245366500,LABPC18,Pride4_Sense6
STOP,Tokenize2,Sense6,102932245805100,LABPC18,Pride4_Sense6
QUEUE,ComputeScalar2,Sense6,102932260732400,LABPC18,Pride4_Sense6
QUEUE,ComputeScalar3,Pride4_Sense6,102932261129600,LABPC18,Pride4_Sense6
START,ComputeScalar2,Sense6,102932261141100,LABPC18,Pride4_Sense6
STOP,Collect2,Sense6,102932261410100,LABPC18,Pride4_Sense6
START,ComputeScalar3,Pride4_Sense6,102932261424100,LABPC18,Pride4_Sense6
STOP,ComputeScalar2,Sense6,102932264608800,LABPC18,Pride4_Sense6
QUEUE,ComputeCosine,Pride4_Sense6,102932265186600,LABPC18,Pride4_Sense6
STOP,ComputeScalar3,Pride4_Sense6,102932265433800,LABPC18,Pride4_Sense6
START,ComputeCosine,Pride4_Sense6,102932265443000,LABPC18,Pride4_Sense6
STOP,ComputeCosine,Pride4_Sense6,102932265688300,LABPC18,Pride4_Sense6
QUEUE,Tokenize1,Pride5,102932284086300,LABPC18,Pride5_Sense1
QUEUE,Tokenize2,Sense1,102932284404700,LABPC18,Pride5_Sense1
START,Tokenize1,Pride5,102932284412500,LABPC18,Pride5_Sense1
START,Tokenize2,Sense1,102932284670800,LABPC18,Pride5_Sense1
START,Collect1,Pride5,102932284722100,LABPC18,Pride5_Sense1
START,Collect2,Sense1,102932284979300,LABPC18,Pride5_Sense1
QUEUE,Collect2,Sense1,102932287560600,LABPC18,Pride5_Sense1
STOP,Tokenize2,Sense1,102932287875700,LABPC18,Pride5_Sense1
QUEUE,ComputeScalar2,Sense1,102932287894500,LABPC18,Pride5_Sense1
QUEUE,ComputeScalar3,Pride5_Sense1,102932288215700,LABPC18,Pride5_Sense1
START,ComputeScalar2,Sense1,102932288224800,LABPC18,Pride5_Sense1
STOP,Collect2,Sense1,102932288497900,LABPC18,Pride5_Sense1
STOP,ComputeScalar2,Sense1,102932288667800,LABPC18,Pride5_Sense1
QUEUE,Collect1,Pride5,102932302322400,LABPC18,Pride5_Sense1
STOP,Tokenize1,Pride5,102932302777300,LABPC18,Pride5_Sense1
QUEUE,ComputeScalar1,Pride5,102932306020600,LABPC18,Pride5_Sense1
STOP,Collect1,Pride5,102932306322400,LABPC18,Pride5_Sense1
START,ComputeScalar1,Pride5,102932306326900,LABPC18,Pride5_Sense1
START,ComputeScalar3,Pride5_Sense1,102932306333700,LABPC18,Pride5_Sense1
STOP,ComputeScalar1,Pride5,102932308430400,LABPC18,Pride5_Sense1
QUEUE,ComputeCosine,Pride5_Sense1,102932310021200,LABPC18,Pride5_Sense1
STOP,ComputeScalar3,Pride5_Sense1,102932310229800,LABPC18,Pride5_Sense1
START,ComputeCosine,Pride5_Sense1,102932310238200,LABPC18,Pride5_Sense1
STOP,ComputeCosine,Pride5_Sense1,102932310482900,LABPC18,Pride5_Sense1
QUEUE,Tokenize1,Pride5,102932329950500,LABPC18,Pride5_Sense2
QUEUE,Tokenize2,Sense2,102932330259600,LABPC18,Pride5_Sense2
START,Tokenize1,Pride5,102932330265700,LABPC18,Pride5_Sense2
START,Tokenize2,Sense2,102932330554800,LABPC18,Pride5_Sense2
START,Collect1,Pride5,102932330591400,LABPC18,Pride5_Sense2
START,Collect2,Sense2,102932330924800,LABPC18,Pride5_Sense2
QUEUE,Collect2,Sense2,102932339171000,LABPC18,Pride5_Sense2
STOP,Tokenize2,Sense2,102932339629700,LABPC18,Pride5_Sense2
QUEUE,ComputeScalar2,Sense2,102932339639400,LABPC18,Pride5_Sense2
QUEUE,ComputeScalar3,Pride5_Sense2,102932339989700,LABPC18,Pride5_Sense2
START,ComputeScalar2,Sense2,102932340003200,LABPC18,Pride5_Sense2
STOP,Collect2,Sense2,102932340344800,LABPC18,Pride5_Sense2
STOP,ComputeScalar2,Sense2,102932340750300,LABPC18,Pride5_Sense2
QUEUE,Collect1,Pride5,102932353977200,LABPC18,Pride5_Sense2
STOP,Tokenize1,Pride5,102932354391400,LABPC18,Pride5_Sense2
QUEUE,ComputeScalar1,Pride5,102932358896400,LABPC18,Pride5_Sense2
START,ComputeScalar3,Pride5_Sense2,102932359267600,LABPC18,Pride5_Sense2
START,ComputeScalar1,Pride5,102932359256200,LABPC18,Pride5_Sense2
STOP,Collect1,Pride5,102932359246600,LABPC18,Pride5_Sense2
STOP,ComputeScalar1,Pride5,102932361467100,LABPC18,Pride5_Sense2
QUEUE,ComputeCosine,Pride5_Sense2,102932365064800,LABPC18,Pride5_Sense2
START,ComputeCosine,Pride5_Sense2,102932365471800,LABPC18,Pride5_Sense2
STOP,ComputeScalar3,Pride5_Sense2,102932365459500,LABPC18,Pride5_Sense2
STOP,ComputeCosine,Pride5_Sense2,102932365769200,LABPC18,Pride5_Sense2
QUEUE,Tokenize1,Pride5,102932387378700,LABPC18,Pride5_Sense3
START,Tokenize1,Pride5,102932387734800,LABPC18,Pride5_Sense3
QUEUE,Tokenize2,Sense3,102932387727700,LABPC18,Pride5_Sense3
START,Tokenize2,Sense3,102932388079500,LABPC18,Pride5_Sense3
START,Collect1,Pride5,102932388151800,LABPC18,Pride5_Sense3
START,Collect2,Sense3,102932388706500,LABPC18,Pride5_Sense3
QUEUE,Collect2,Sense3,102932399284000,LABPC18,Pride5_Sense3
STOP,Tokenize2,Sense3,102932399876400,LABPC18,Pride5_Sense3
QUEUE,ComputeScalar2,Sense3,102932399886000,LABPC18,Pride5_Sense3
QUEUE,ComputeScalar3,Pride5_Sense3,102932400348100,LABPC18,Pride5_Sense3
START,ComputeScalar2,Sense3,102932400354900,LABPC18,Pride5_Sense3
STOP,Collect2,Sense3,102932400796600,LABPC18,Pride5_Sense3
STOP,ComputeScalar2,Sense3,102932401681800,LABPC18,Pride5_Sense3
QUEUE,Collect1,Pride5,102932407024600,LABPC18,Pride5_Sense3
STOP,Tokenize1,Pride5,102932407483100,LABPC18,Pride5_Sense3
QUEUE,ComputeScalar1,Pride5,102932415010200,LABPC18,Pride5_Sense3
STOP,Collect1,Pride5,102932415408000,LABPC18,Pride5_Sense3
START,ComputeScalar3,Pride5_Sense3,102932415418700,LABPC18,Pride5_Sense3
START,ComputeScalar1,Pride5,102932415412500,LABPC18,Pride5_Sense3
STOP,ComputeScalar1,Pride5,102932418665900,LABPC18,Pride5_Sense3
QUEUE,ComputeCosine,Pride5_Sense3,102932420771200,LABPC18,Pride5_Sense3
STOP,ComputeScalar3,Pride5_Sense3,102932421041800,LABPC18,Pride5_Sense3
START,ComputeCosine,Pride5_Sense3,102932421049400,LABPC18,Pride5_Sense3
STOP,ComputeCosine,Pride5_Sense3,102932421382500,LABPC18,Pride5_Sense3
QUEUE,Tokenize1,Pride5,102932446937200,LABPC18,Pride5_Sense4
QUEUE,Tokenize2,Sense4,102932447309500,LABPC18,Pride5_Sense4
START,Tokenize1,Pride5,102932447318400,LABPC18,Pride5_Sense4
START,Tokenize2,Sense4,102932447685200,LABPC18,Pride5_Sense4
START,Collect1,Pride5,102932447750600,LABPC18,Pride5_Sense4
START,Collect2,Sense4,102932447997100,LABPC18,Pride5_Sense4
QUEUE,Collect1,Pride5,102932464992100,LABPC18,Pride5_Sense4
QUEUE,Collect2,Sense4,102932465092100,LABPC18,Pride5_Sense4
STOP,Tokenize2,Sense4,102932465481600,LABPC18,Pride5_Sense4
STOP,Tokenize1,Pride5,102932465506800,LABPC18,Pride5_Sense4
QUEUE,ComputeScalar2,Sense4,102932466634400,LABPC18,Pride5_Sense4
START,ComputeScalar2,Sense4,102932466941500,LABPC18,Pride5_Sense4
QUEUE,ComputeScalar3,Pride5_Sense4,102932466928900,LABPC18,Pride5_Sense4
STOP,Collect2,Sense4,102932467215000,LABPC18,Pride5_Sense4
STOP,ComputeScalar2,Sense4,102932468139700,LABPC18,Pride5_Sense4
QUEUE,ComputeScalar1,Pride5,102932472626500,LABPC18,Pride5_Sense4
STOP,Collect1,Pride5,102932472906700,LABPC18,Pride5_Sense4
START,ComputeScalar1,Pride5,102932472912200,LABPC18,Pride5_Sense4
START,ComputeScalar3,Pride5_Sense4,102932472917400,LABPC18,Pride5_Sense4
STOP,ComputeScalar1,Pride5,102932474891500,LABPC18,Pride5_Sense4
QUEUE,ComputeCosine,Pride5_Sense4,102932477334900,LABPC18,Pride5_Sense4
STOP,ComputeScalar3,Pride5_Sense4,102932477553300,LABPC18,Pride5_Sense4
START,ComputeCosine,Pride5_Sense4,102932477562300,LABPC18,Pride5_Sense4
STOP,ComputeCosine,Pride5_Sense4,102932477805600,LABPC18,Pride5_Sense4
QUEUE,Tokenize1,Pride5,102932510748200,LABPC18,Pride5_Sense5
QUEUE,Tokenize2,Sense5,102932511056400,LABPC18,Pride5_Sense5
START,Tokenize1,Pride5,102932511062800,LABPC18,Pride5_Sense5
START,Tokenize2,Sense5,102932511337600,LABPC18,Pride5_Sense5
START,Collect1,Pride5,102932511381000,LABPC18,Pride5_Sense5
START,Collect2,Sense5,102932511593600,LABPC18,Pride5_Sense5
QUEUE,Collect2,Sense5,102932542699800,LABPC18,Pride5_Sense5
STOP,Tokenize2,Sense5,102932543142000,LABPC18,Pride5_Sense5
QUEUE,ComputeScalar2,Sense5,102932550113000,LABPC18,Pride5_Sense5
QUEUE,ComputeScalar3,Pride5_Sense5,102932550617000,LABPC18,Pride5_Sense5
START,ComputeScalar2,Sense5,102932550634600,LABPC18,Pride5_Sense5
STOP,Collect2,Sense5,102932551012500,LABPC18,Pride5_Sense5
STOP,ComputeScalar2,Sense5,102932553946100,LABPC18,Pride5_Sense5
QUEUE,Collect1,Pride5,102932554452500,LABPC18,Pride5_Sense5
STOP,Tokenize1,Pride5,102932554700500,LABPC18,Pride5_Sense5
QUEUE,ComputeScalar1,Pride5,102932556945200,LABPC18,Pride5_Sense5
STOP,Collect1,Pride5,102932557219800,LABPC18,Pride5_Sense5
START,ComputeScalar3,Pride5_Sense5,102932557233200,LABPC18,Pride5_Sense5
START,ComputeScalar1,Pride5,102932557230100,LABPC18,Pride5_Sense5
STOP,ComputeScalar1,Pride5,102932559860500,LABPC18,Pride5_Sense5
QUEUE,ComputeCosine,Pride5_Sense5,102932562684900,LABPC18,Pride5_Sense5
START,ComputeCosine,Pride5_Sense5,102932562931000,LABPC18,Pride5_Sense5
STOP,ComputeScalar3,Pride5_Sense5,102932562917200,LABPC18,Pride5_Sense5
STOP,ComputeCosine,Pride5_Sense5,102932563224900,LABPC18,Pride5_Sense5
QUEUE,Tokenize1,Pride5,102932611511900,LABPC18,Pride5_Sense6
QUEUE,Tokenize2,Sense6,102932611874800,LABPC18,Pride5_Sense6
START,Tokenize1,Pride5,102932611897100,LABPC18,Pride5_Sense6
START,Tokenize2,Sense6,102932612111700,LABPC18,Pride5_Sense6
START,Collect1,Pride5,102932612215200,LABPC18,Pride5_Sense6
START,Collect2,Sense6,102932612415400,LABPC18,Pride5_Sense6
QUEUE,Collect1,Pride5,102932627293100,LABPC18,Pride5_Sense6
STOP,Tokenize1,Pride5,102932627829200,LABPC18,Pride5_Sense6
QUEUE,ComputeScalar1,Pride5,102932641118400,LABPC18,Pride5_Sense6
STOP,Collect1,Pride5,102932641656700,LABPC18,Pride5_Sense6
START,ComputeScalar1,Pride5,102932641671900,LABPC18,Pride5_Sense6
QUEUE,Collect2,Sense6,102932642224700,LABPC18,Pride5_Sense6
STOP,Tokenize2,Sense6,102932642459400,LABPC18,Pride5_Sense6
STOP,ComputeScalar1,Pride5,102932643967500,LABPC18,Pride5_Sense6
QUEUE,ComputeScalar2,Sense6,102932665280800,LABPC18,Pride5_Sense6
QUEUE,ComputeScalar3,Pride5_Sense6,102932665675200,LABPC18,Pride5_Sense6
START,ComputeScalar2,Sense6,102932665702100,LABPC18,Pride5_Sense6
STOP,Collect2,Sense6,102932665955700,LABPC18,Pride5_Sense6
START,ComputeScalar3,Pride5_Sense6,102932665970100,LABPC18,Pride5_Sense6
STOP,ComputeScalar2,Sense6,102932669243200,LABPC18,Pride5_Sense6
QUEUE,ComputeCosine,Pride5_Sense6,102932673497000,LABPC18,Pride5_Sense6
STOP,ComputeScalar3,Pride5_Sense6,102932673769800,LABPC18,Pride5_Sense6
START,ComputeCosine,Pride5_Sense6,102932673779200,LABPC18,Pride5_Sense6
STOP,ComputeCosine,Pride5_Sense6,102932674133600,LABPC18,Pride5_Sense6
QUEUE,Tokenize1,Pride6,102932707583900,LABPC18,Pride6_Sense1
QUEUE,Tokenize2,Sense1,102932707875700,LABPC18,Pride6_Sense1
START,Tokenize1,Pride6,102932707904100,LABPC18,Pride6_Sense1
START,Tokenize2,Sense1,102932708077200,LABPC18,Pride6_Sense1
START,Collect1,Pride6,102932708174600,LABPC18,Pride6_Sense1
START,Collect2,Sense1,102932708372700,LABPC18,Pride6_Sense1
QUEUE,Collect2,Sense1,102932709759100,LABPC18,Pride6_Sense1
STOP,Tokenize2,Sense1,102932710118800,LABPC18,Pride6_Sense1
QUEUE,ComputeScalar2,Sense1,102932710127300,LABPC18,Pride6_Sense1
QUEUE,ComputeScalar3,Pride6_Sense1,102932710457300,LABPC18,Pride6_Sense1
START,ComputeScalar2,Sense1,102932710466200,LABPC18,Pride6_Sense1
STOP,Collect2,Sense1,102932710778600,LABPC18,Pride6_Sense1
STOP,ComputeScalar2,Sense1,102932710938300,LABPC18,Pride6_Sense1
QUEUE,Collect1,Pride6,102932746436500,LABPC18,Pride6_Sense1
STOP,Tokenize1,Pride6,102932746829600,LABPC18,Pride6_Sense1
QUEUE,ComputeScalar1,Pride6,102932763015900,LABPC18,Pride6_Sense1
START,ComputeScalar1,Pride6,102932763437400,LABPC18,Pride6_Sense1
START,ComputeScalar3,Pride6_Sense1,102932763437900,LABPC18,Pride6_Sense1
STOP,Collect1,Pride6,102932763423500,LABPC18,Pride6_Sense1
STOP,ComputeScalar1,Pride6,102932767250000,LABPC18,Pride6_Sense1
QUEUE,ComputeCosine,Pride6_Sense1,102932771723100,LABPC18,Pride6_Sense1
STOP,ComputeScalar3,Pride6_Sense1,102932772000400,LABPC18,Pride6_Sense1
START,ComputeCosine,Pride6_Sense1,102932772014000,LABPC18,Pride6_Sense1
STOP,ComputeCosine,Pride6_Sense1,102932772331100,LABPC18,Pride6_Sense1
QUEUE,Tokenize1,Pride6,102932807963800,LABPC18,Pride6_Sense2
QUEUE,Tokenize2,Sense2,102932808273300,LABPC18,Pride6_Sense2
START,Tokenize1,Pride6,102932808287100,LABPC18,Pride6_Sense2
START,Tokenize2,Sense2,102932808504700,LABPC18,Pride6_Sense2
START,Collect1,Pride6,102932808614000,LABPC18,Pride6_Sense2
START,Collect2,Sense2,102932808771300,LABPC18,Pride6_Sense2
QUEUE,Collect2,Sense2,102932810740000,LABPC18,Pride6_Sense2
QUEUE,ComputeScalar2,Sense2,102932811180000,LABPC18,Pride6_Sense2
STOP,Tokenize2,Sense2,102932811167800,LABPC18,Pride6_Sense2
QUEUE,ComputeScalar3,Pride6_Sense2,102932811508500,LABPC18,Pride6_Sense2
START,ComputeScalar2,Sense2,102932811528900,LABPC18,Pride6_Sense2
STOP,Collect2,Sense2,102932811765200,LABPC18,Pride6_Sense2
STOP,ComputeScalar2,Sense2,102932812521400,LABPC18,Pride6_Sense2
QUEUE,Collect1,Pride6,102932845666800,LABPC18,Pride6_Sense2
STOP,Tokenize1,Pride6,102932846083900,LABPC18,Pride6_Sense2
QUEUE,ComputeScalar1,Pride6,102932861462700,LABPC18,Pride6_Sense2
STOP,Collect1,Pride6,102932861830400,LABPC18,Pride6_Sense2
START,ComputeScalar1,Pride6,102932861853800,LABPC18,Pride6_Sense2
START,ComputeScalar3,Pride6_Sense2,102932861854700,LABPC18,Pride6_Sense2
STOP,ComputeScalar1,Pride6,102932865619700,LABPC18,Pride6_Sense2
QUEUE,ComputeCosine,Pride6_Sense2,102932868887000,LABPC18,Pride6_Sense2
STOP,ComputeScalar3,Pride6_Sense2,102932869221400,LABPC18,Pride6_Sense2
START,ComputeCosine,Pride6_Sense2,102932869244000,LABPC18,Pride6_Sense2
STOP,ComputeCosine,Pride6_Sense2,102932869500100,LABPC18,Pride6_Sense2
QUEUE,Tokenize1,Pride6,102932907768400,LABPC18,Pride6_Sense3
QUEUE,Tokenize2,Sense3,102932908060200,LABPC18,Pride6_Sense3
START,Tokenize1,Pride6,102932908076300,LABPC18,Pride6_Sense3
START,Tokenize2,Sense3,102932908284900,LABPC18,Pride6_Sense3
START,Collect1,Pride6,102932908399400,LABPC18,Pride6_Sense3
START,Collect2,Sense3,102932908578400,LABPC18,Pride6_Sense3
QUEUE,Collect2,Sense3,102932916047600,LABPC18,Pride6_Sense3
QUEUE,ComputeScalar2,Sense3,102932916662600,LABPC18,Pride6_Sense3
STOP,Tokenize2,Sense3,102932916625200,LABPC18,Pride6_Sense3
QUEUE,ComputeScalar3,Pride6_Sense3,102932917028400,LABPC18,Pride6_Sense3
START,ComputeScalar2,Sense3,102932917033000,LABPC18,Pride6_Sense3
STOP,Collect2,Sense3,102932917379800,LABPC18,Pride6_Sense3
STOP,ComputeScalar2,Sense3,102932918020300,LABPC18,Pride6_Sense3
QUEUE,Collect1,Pride6,102932945764000,LABPC18,Pride6_Sense3
STOP,Tokenize1,Pride6,102932946188700,LABPC18,Pride6_Sense3
QUEUE,ComputeScalar1,Pride6,102932956899700,LABPC18,Pride6_Sense3
STOP,Collect1,Pride6,102932957268400,LABPC18,Pride6_Sense3
START,ComputeScalar3,Pride6_Sense3,102932957286700,LABPC18,Pride6_Sense3
START,ComputeScalar1,Pride6,102932957293800,LABPC18,Pride6_Sense3
STOP,ComputeScalar1,Pride6,102932962587400,LABPC18,Pride6_Sense3
QUEUE,ComputeCosine,Pride6_Sense3,102932964565500,LABPC18,Pride6_Sense3
STOP,ComputeScalar3,Pride6_Sense3,102932964857900,LABPC18,Pride6_Sense3
START,ComputeCosine,Pride6_Sense3,102932964876300,LABPC18,Pride6_Sense3
STOP,ComputeCosine,Pride6_Sense3,102932965153600,LABPC18,Pride6_Sense3
QUEUE,Tokenize1,Pride6,102933007202100,LABPC18,Pride6_Sense4
QUEUE,Tokenize2,Sense4,102933007520400,LABPC18,Pride6_Sense4
START,Tokenize1,Pride6,102933007531500,LABPC18,Pride6_Sense4
START,Tokenize2,Sense4,102933007891000,LABPC18,Pride6_Sense4
START,Collect1,Pride6,102933007903000,LABPC18,Pride6_Sense4
START,Collect2,Sense4,102933008208200,LABPC18,Pride6_Sense4
QUEUE,Collect2,Sense4,102933022416500,LABPC18,Pride6_Sense4
QUEUE,ComputeScalar2,Sense4,102933023003900,LABPC18,Pride6_Sense4
STOP,Tokenize2,Sense4,102933022991900,LABPC18,Pride6_Sense4
QUEUE,ComputeScalar3,Pride6_Sense4,102933023371800,LABPC18,Pride6_Sense4
START,ComputeScalar2,Sense4,102933023390500,LABPC18,Pride6_Sense4
STOP,Collect2,Sense4,102933023582900,LABPC18,Pride6_Sense4
STOP,ComputeScalar2,Sense4,102933024775800,LABPC18,Pride6_Sense4
QUEUE,Collect1,Pride6,102933039525400,LABPC18,Pride6_Sense4
STOP,Tokenize1,Pride6,102933040084400,LABPC18,Pride6_Sense4
QUEUE,ComputeScalar1,Pride6,102933056072400,LABPC18,Pride6_Sense4
STOP,Collect1,Pride6,102933056454000,LABPC18,Pride6_Sense4
START,ComputeScalar1,Pride6,102933056457700,LABPC18,Pride6_Sense4
START,ComputeScalar3,Pride6_Sense4,102933056465600,LABPC18,Pride6_Sense4
STOP,ComputeScalar1,Pride6,102933060091500,LABPC18,Pride6_Sense4
QUEUE,ComputeCosine,Pride6_Sense4,102933063661500,LABPC18,Pride6_Sense4
STOP,ComputeScalar3,Pride6_Sense4,102933063961800,LABPC18,Pride6_Sense4
START,ComputeCosine,Pride6_Sense4,102933063970300,LABPC18,Pride6_Sense4
STOP,ComputeCosine,Pride6_Sense4,102933064207900,LABPC18,Pride6_Sense4
QUEUE,Tokenize1,Pride6,102933114556400,LABPC18,Pride6_Sense5
QUEUE,Tokenize2,Sense5,102933114935500,LABPC18,Pride6_Sense5
START,Tokenize1,Pride6,102933114955600,LABPC18,Pride6_Sense5
START,Tokenize2,Sense5,102933115138600,LABPC18,Pride6_Sense5
START,Collect1,Pride6,102933115258700,LABPC18,Pride6_Sense5
START,Collect2,Sense5,102933115424000,LABPC18,Pride6_Sense5
QUEUE,Collect2,Sense5,102933147490700,LABPC18,Pride6_Sense5
STOP,Tokenize2,Sense5,102933147977900,LABPC18,Pride6_Sense5
QUEUE,ComputeScalar2,Sense5,102933151437400,LABPC18,Pride6_Sense5
START,ComputeScalar2,Sense5,102933151973800,LABPC18,Pride6_Sense5
QUEUE,ComputeScalar3,Pride6_Sense5,102933151953700,LABPC18,Pride6_Sense5
STOP,Collect2,Sense5,102933152367600,LABPC18,Pride6_Sense5
STOP,ComputeScalar2,Sense5,102933154215200,LABPC18,Pride6_Sense5
QUEUE,Collect1,Pride6,102933169691700,LABPC18,Pride6_Sense5
STOP,Tokenize1,Pride6,102933170201800,LABPC18,Pride6_Sense5
QUEUE,ComputeScalar1,Pride6,102933177184100,LABPC18,Pride6_Sense5
STOP,Collect1,Pride6,102933177535400,LABPC18,Pride6_Sense5
START,ComputeScalar3,Pride6_Sense5,102933177549100,LABPC18,Pride6_Sense5
START,ComputeScalar1,Pride6,102933177547700,LABPC18,Pride6_Sense5
STOP,ComputeScalar1,Pride6,102933181006400,LABPC18,Pride6_Sense5
QUEUE,ComputeCosine,Pride6_Sense5,102933184237400,LABPC18,Pride6_Sense5
STOP,ComputeScalar3,Pride6_Sense5,102933184460100,LABPC18,Pride6_Sense5
START,ComputeCosine,Pride6_Sense5,102933184474500,LABPC18,Pride6_Sense5
STOP,ComputeCosine,Pride6_Sense5,102933184696300,LABPC18,Pride6_Sense5
QUEUE,Tokenize1,Pride6,102933249468600,LABPC18,Pride6_Sense6
QUEUE,Tokenize2,Sense6,102933249836400,LABPC18,Pride6_Sense6
START,Tokenize1,Pride6,102933249854500,LABPC18,Pride6_Sense6
START,Collect1,Pride6,102933250161800,LABPC18,Pride6_Sense6
START,Tokenize2,Sense6,102933250157000,LABPC18,Pride6_Sense6
START,Collect2,Sense6,102933250472400,LABPC18,Pride6_Sense6
QUEUE,Collect1,Pride6,102933282179800,LABPC18,Pride6_Sense6
STOP,Tokenize1,Pride6,102933282663600,LABPC18,Pride6_Sense6
QUEUE,ComputeScalar1,Pride6,102933326469200,LABPC18,Pride6_Sense6
STOP,Collect1,Pride6,102933326983800,LABPC18,Pride6_Sense6
START,ComputeScalar1,Pride6,102933326996100,LABPC18,Pride6_Sense6
QUEUE,Collect2,Sense6,102933329848100,LABPC18,Pride6_Sense6
QUEUE,ComputeScalar2,Sense6,102933330238800,LABPC18,Pride6_Sense6
STOP,Tokenize2,Sense6,102933330233300,LABPC18,Pride6_Sense6
QUEUE,ComputeScalar3,Pride6_Sense6,102933330575700,LABPC18,Pride6_Sense6
START,ComputeScalar2,Sense6,102933330588400,LABPC18,Pride6_Sense6
STOP,ComputeScalar1,Pride6,102933330863200,LABPC18,Pride6_Sense6
STOP,Collect2,Sense6,102933330872900,LABPC18,Pride6_Sense6
START,ComputeScalar3,Pride6_Sense6,102933330879100,LABPC18,Pride6_Sense6
STOP,ComputeScalar2,Sense6,102933333877200,LABPC18,Pride6_Sense6
QUEUE,ComputeCosine,Pride6_Sense6,102933337848400,LABPC18,Pride6_Sense6
STOP,ComputeScalar3,Pride6_Sense6,102933338190900,LABPC18,Pride6_Sense6
START,ComputeCosine,Pride6_Sense6,102933338213100,LABPC18,Pride6_Sense6
STOP,ComputeCosine,Pride6_Sense6,102933338433800,LABPC18,Pride6_Sense6
